CustomerID;Age;Gender;Tenure;Usage Frequency;Support Calls;Payment Delay;Subscription Type;Contract Length;Total Spend;Last Interaction;Churn
1;22;Male;38;19;4;15;Standard;Annual;760;1;1
2;58;Male;51;21;2;13;Premium;Quarterly;900;21;0
3;52;Male;40;8;6;2;Basic;Monthly;230;7;1
4;40;Male;37;11;7;3;Premium;Annual;320;21;1
5;40;Female;29;28;3;17;Standard;Annual;130;17;1
6;62;Male;15;25;9;17;Standard;Monthly;540;6;0
7;22;Female;18;12;7;16;Basic;Quarterly;550;14;1
8;54;Male;46;7;1;4;Standard;Monthly;120;2;1
9;28;Female;5;9;;15;Basic;Annual;700;21;0
10;22;Male;6;16;0;1;Premium;Annual;100;9;1
11;45;Female;25;17;7;4;Premium;Monthly;820;12;1
12;68;Female;48;6;5;14;Standard;Annual;740;5;1
13;56;Male;41;2;7;18;Premium;Quarterly;840;11;1
14;57;Female;36;15;9;19;Premium;Quarterly;200;12;0
15;55;Male;33;24;8;29;Basic;Monthly;900;7;1
16;58;Male;7;5;7;25;Basic;Annual;600;29;1
17;44;Female;21;12;10;11;Basic;Quarterly;890;9;1
18;24;Female;5;5;8;23;Basic;Annual;740;6;0
19;61;Male;47;8;9;2;Standard;Monthly;700;16;0
20;41;Male;46;18;4;25;Standard;Quarterly;120;10;1
21;44;Female;16;9;2;11;Standard;Monthly;730;14;0
22;37;Female;18;8;2;22;Basic;Annual;510;22;1
23;27;;20;29;7;29;Premium;Quarterly;880;3;1
24;66;Male;55;5;6;21;Premium;Annual;720;15;1
25;58;Female;30;6;0;27;Standard;Monthly;160;1;0
26;51;Male;47;27;2;0;Basic;Annual;910;2;1
27;38;Female;28;16;;5;Standard;Monthly;150;3;0
28;60;Male;43;2;8;18;Premium;Quarterly;370;5;1
29;46;Female;33;13;9;16;Premium;Monthly;290;11;1
30;41;Male;17;17;2;3;Basic;Monthly;990;28;1
31;41;Female;54;8;0;21;Premium;Quarterly;240;27;0
32;29;Female;44;16;3;1;Premium;Monthly;870;3;0
33;22;Male;47;19;10;29;Standard;Quarterly;300;29;1
34;46;Female;58;8;6;4;Standard;Annual;690;19;1
35;64;Male;16;24;9;13;Standard;Monthly;180;17;1
36;21;Female;6;14;5;24;Basic;Annual;460;23;1
37;62;Male;36;28;5;15;Standard;Monthly;670;15;1
38;61;Male;20;3;7;22;Basic;Monthly;750;8;1
39;32;Male;27;10;;21;Basic;Quarterly;900;16;1
40;50;Male;15;21;5;28;Standard;Quarterly;850;22;1
41;26;Male;25;26;7;13;Standard;Quarterly;570;20;1
42;57;Female;24;7;;29;Premium;Monthly;370;5;0
43;54;Female;22;29;4;15;Standard;Quarterly;340;28;1
44;36;Female;46;6;10;26;Premium;Monthly;;9;0
45;21;Male;37;13;6;21;Premium;Monthly;650;24;1
46;68;Male;29;10;10;3;Standard;Annual;930;10;1
47;41;Male;7;13;5;19;Premium;Monthly;490;2;1
48;64;Female;35;27;7;26;Standard;Quarterly;540;29;0
49;53;Female;11;22;3;3;Standard;Quarterly;850;18;0
50;58;Male;20;24;7;25;Basic;Monthly;760;7;0
51;57;Female;26;8;3;3;Basic;Annual;280;1;0
52;28;Male;9;28;7;26;Standard;Quarterly;580;4;0
53;36;Male;24;13;9;23;Basic;Annual;290;5;1
54;42;Male;17;19;5;4;Standard;Quarterly;800;27;0
55;43;Male;52;21;5;21;Basic;Annual;120;6;0
56;20;Female;53;20;3;3;Basic;Annual;860;5;1
57;46;Female;1;18;8;17;Standard;Monthly;950;25;0
58;26;Male;37;14;7;27;Standard;Annual;120;26;0
59;56;Male;40;19;6;6;Premium;Annual;670;7;1
60;53;Female;24;27;0;5;Premium;Quarterly;170;19;0
61;65;Female;29;12;1;12;Premium;Monthly;430;16;0
62;56;Female;49;15;0;11;Basic;Quarterly;400;17;1
63;37;Male;24;6;10;1;Standard;Annual;570;10;0
64;68;Female;4;11;10;13;Basic;Quarterly;940;22;0
65;39;Male;23;23;0;7;Basic;Monthly;520;26;0
66;34;Female;16;19;0;3;Basic;Quarterly;460;22;0
67;65;Male;24;7;9;8;Standard;Annual;180;27;1
68;37;Female;15;16;6;0;Basic;Monthly;910;4;0
69;21;Male;10;24;3;27;Standard;Quarterly;380;20;0
70;42;Male;;4;7;29;Basic;Monthly;520;29;0
71;59;Female;8;2;2;11;Standard;Annual;180;16;1
72;27;Female;44;12;2;26;Standard;Annual;360;28;0
73;42;Male;44;20;4;13;Basic;Annual;600;11;1
74;24;Female;38;10;10;27;Basic;Quarterly;920;27;0
75;53;Female;56;24;9;5;Premium;Monthly;400;28;1
76;42;Male;1;25;2;8;Premium;Quarterly;610;19;0
77;35;Male;19;16;6;22;Basic;Annual;900;21;0
78;29;Male;12;11;10;6;Premium;Monthly;430;16;1
79;47;Female;36;2;;24;Basic;Monthly;370;10;0
80;52;Male;39;24;9;12;Premium;Annual;140;16;1
81;66;Male;55;26;1;12;Basic;Quarterly;930;28;1
82;40;Female;24;13;2;13;Standard;Monthly;200;1;1
83;26;Female;15;15;2;23;Basic;Monthly;290;6;0
84;61;Female;57;22;1;0;Basic;Quarterly;220;15;1
85;50;Female;42;21;2;22;Standard;Quarterly;750;10;0
86;54;Female;47;4;3;23;Basic;Annual;430;19;1
87;23;Female;28;20;6;24;Standard;Annual;740;11;1
88;34;Female;28;27;4;29;Basic;Quarterly;650;20;1
89;57;Male;24;22;5;23;Basic;Quarterly;110;4;1
90;61;Male;46;14;2;15;Premium;Annual;380;10;1
91;40;Male;13;16;1;13;Premium;Annual;100;21;1
92;59;Female;60;8;;11;Premium;Monthly;160;14;0
93;61;Male;11;20;7;24;Basic;Annual;530;21;1
94;38;Male;29;8;2;11;Standard;Annual;340;19;0
95;64;Female;20;10;9;17;Basic;Monthly;180;10;0
96;32;Male;40;8;9;2;Basic;Annual;470;13;1
97;30;Male;42;10;;9;Standard;Monthly;510;28;0
98;53;Female;57;11;1;7;Standard;Quarterly;;28;1
99;51;Female;49;3;7;13;Standard;Quarterly;700;2;0
100;25;Male;16;21;;15;Basic;Annual;460;21;0
101;61;Male;13;13;9;21;Premium;Annual;530;15;1
102;28;Male;55;28;2;12;Premium;Quarterly;180;1;0
103;59;Female;30;6;10;4;Basic;Quarterly;450;19;1
104;18;Female;6;20;5;16;Basic;Annual;630;1;1
105;59;Male;51;6;5;1;Standard;Annual;110;10;1
106;58;Female;40;16;6;25;Standard;Annual;940;21;0
107;58;Male;2;15;9;23;Premium;Annual;570;24;1
108;52;Male;48;14;1;6;Standard;Annual;820;12;1
109;42;;38;19;6;7;Basic;Annual;350;24;0
110;54;Male;38;25;9;0;Basic;Annual;860;25;0
111;32;Male;53;10;6;10;Basic;Monthly;430;13;0
112;58;Male;31;25;3;1;Standard;Quarterly;950;6;1
113;46;Female;29;6;0;28;Basic;Monthly;580;20;0
114;41;Female;38;9;6;4;Premium;Quarterly;680;1;0
115;44;Female;13;10;8;19;Premium;Quarterly;280;26;1
116;47;Male;10;28;6;17;Basic;Monthly;;12;1
117;19;Male;52;4;;7;Premium;Annual;270;23;0
118;25;Female;14;12;7;24;Standard;Annual;130;22;0
119;30;Male;31;13;6;3;Basic;Quarterly;500;14;0
120;23;Female;17;24;0;26;Standard;Annual;860;29;1
121;40;Female;15;15;6;22;Standard;Monthly;940;24;1
122;52;Male;37;29;2;19;Basic;Quarterly;880;26;1
123;52;Female;49;22;8;26;Premium;Monthly;600;3;1
124;42;Male;27;21;1;12;Basic;Monthly;940;15;0
125;62;Male;9;22;10;8;Basic;Monthly;550;28;1
126;47;Female;15;5;3;4;Basic;Quarterly;530;24;0
127;22;Male;11;14;5;27;Basic;Quarterly;260;14;0
128;57;Female;54;17;1;12;Basic;Annual;820;3;0
129;47;Female;20;7;2;24;Standard;Quarterly;390;9;0
130;51;;23;4;;9;Standard;Annual;270;17;1
131;47;;5;4;3;28;Basic;Quarterly;430;19;0
132;46;Male;28;23;6;26;Premium;Monthly;650;27;0
133;22;Male;56;20;;9;Premium;Monthly;340;3;0
134;47;Female;25;9;7;14;Premium;Monthly;420;12;1
135;59;Female;40;22;0;23;Standard;Quarterly;400;8;1
136;33;Male;12;21;4;6;Premium;Quarterly;640;28;1
137;49;Male;9;24;4;0;Standard;Annual;750;5;1
138;19;Male;45;27;3;8;Standard;Monthly;720;7;1
139;36;Male;5;26;2;17;Basic;Monthly;220;9;1
140;40;Female;28;6;6;4;Premium;Annual;410;4;0
141;69;Male;20;23;4;10;Basic;Monthly;690;19;0
142;29;Female;1;12;3;27;Standard;Quarterly;290;16;0
143;32;Female;33;12;4;2;Premium;Monthly;160;17;1
144;39;Female;59;19;4;1;Basic;Quarterly;390;27;0
145;69;Male;5;18;2;12;Standard;Annual;720;13;0
146;62;Male;50;13;5;0;Basic;Monthly;710;10;1
147;19;Female;33;29;;0;Standard;Quarterly;210;11;0
148;30;Female;45;6;6;5;Standard;Quarterly;720;24;0
149;60;Male;6;3;7;3;Basic;Annual;270;16;0
150;21;Female;54;1;;24;Premium;Annual;780;5;1
151;62;Male;1;24;7;3;Standard;Monthly;620;21;0
152;32;Female;56;12;2;15;Standard;Quarterly;210;22;0
153;65;Male;41;13;4;21;Premium;Annual;420;8;0
154;33;Male;21;19;5;18;Basic;Monthly;850;17;1
155;40;Male;1;13;5;19;Standard;Annual;490;17;0
156;52;Male;38;17;1;10;Premium;Monthly;730;6;0
157;24;Male;6;2;1;26;Standard;Quarterly;780;1;1
158;46;Male;38;5;4;2;Basic;Annual;120;21;1
159;44;Male;48;28;10;3;Basic;Quarterly;950;18;0
160;58;Female;17;14;8;25;Premium;Annual;400;21;0
161;69;Male;15;5;10;2;Premium;Quarterly;820;11;0
162;52;Female;14;11;2;5;Premium;Monthly;520;15;1
163;39;Female;14;10;4;5;Basic;Annual;630;29;0
164;39;Male;7;8;6;0;Premium;Quarterly;430;7;1
165;39;Male;16;9;5;3;Standard;Monthly;880;19;1
166;60;Female;41;22;5;17;Premium;Monthly;200;4;1
167;34;Female;19;4;4;19;Premium;Quarterly;920;2;0
168;26;Male;48;9;0;2;Basic;Quarterly;290;28;1
169;35;Female;50;14;10;28;Premium;Annual;910;4;1
170;19;Male;47;16;;2;Standard;Monthly;120;20;1
171;23;Male;33;26;0;20;Premium;Quarterly;110;15;0
172;22;Female;20;27;4;24;Premium;Annual;180;24;1
173;58;Male;57;9;6;15;Basic;Annual;600;16;1
174;55;Female;13;16;9;14;Premium;Annual;340;21;1
175;54;Male;29;1;;3;Basic;Monthly;650;26;1
176;42;Female;28;18;4;7;Basic;Monthly;850;25;1
177;55;Male;46;5;8;25;Basic;Quarterly;120;21;0
178;26;Male;34;3;;10;Basic;Quarterly;580;5;1
179;64;Male;49;20;9;1;Premium;Monthly;780;5;1
180;44;Male;57;6;3;21;Basic;Monthly;490;15;1
181;66;Female;24;14;9;20;Standard;Monthly;950;20;0
182;25;Male;54;3;4;1;Standard;Quarterly;700;20;0
183;43;Male;11;22;0;1;Premium;Annual;130;23;1
184;54;Male;56;23;9;3;Standard;Monthly;590;3;1
185;43;Male;11;17;10;1;Standard;Monthly;450;6;0
186;41;Female;52;25;4;18;Premium;Monthly;220;5;0
187;26;Male;24;13;5;3;Standard;Annual;970;16;1
188;37;;59;6;4;18;Premium;Annual;300;19;1
189;30;Male;8;5;1;5;Premium;Quarterly;170;4;0
190;33;Female;29;7;;29;Premium;Monthly;300;26;0
191;53;Male;56;6;0;21;Basic;Monthly;850;9;0
192;50;Male;3;10;6;11;Basic;Annual;650;20;0
193;49;Female;17;7;0;12;Standard;Quarterly;850;22;1
194;36;Female;6;18;8;1;Standard;Monthly;520;2;1
195;67;Female;20;5;10;1;Basic;Annual;200;26;1
196;22;Male;24;19;7;16;Standard;Quarterly;450;29;1
197;35;Male;38;10;7;0;Basic;Quarterly;280;28;0
198;24;Female;16;20;9;19;Basic;Quarterly;610;5;0
199;35;Male;10;15;;11;Premium;Monthly;340;12;0
200;68;Female;11;27;10;4;Basic;Annual;990;7;0
201;37;Female;58;13;2;16;Premium;Annual;440;14;1
202;65;Female;59;9;6;16;Standard;Monthly;380;29;0
203;43;Female;14;18;9;22;Premium;Annual;1000;23;1
204;54;Female;12;20;3;5;Basic;Monthly;570;23;0
205;41;Male;4;13;8;16;Premium;Quarterly;250;13;0
206;31;Male;59;17;0;25;Standard;Annual;540;28;0
207;57;Female;44;14;10;8;Premium;Monthly;330;27;1
208;68;Male;47;9;7;25;Basic;Annual;750;24;1
209;31;Male;18;10;8;21;Premium;Monthly;620;24;1
210;58;Male;40;27;9;12;Basic;Annual;770;19;0
211;31;Female;4;20;2;26;Standard;Quarterly;960;3;1
212;55;Female;42;3;5;29;Basic;Monthly;770;9;1
213;59;Female;36;28;10;7;Premium;Annual;410;23;0
214;41;Male;21;21;1;29;Standard;Monthly;280;10;0
215;56;Male;44;2;9;0;Premium;Annual;580;5;0
216;32;Male;40;22;3;3;Standard;Annual;510;28;0
217;22;Male;27;18;6;1;Basic;Monthly;380;15;1
218;23;Female;12;27;6;11;Standard;Quarterly;840;25;0
219;41;Female;2;15;8;28;Standard;Quarterly;930;9;1
220;64;Male;58;16;10;18;Basic;Quarterly;450;11;1
221;24;Male;18;10;4;18;Premium;Quarterly;720;10;0
222;41;Male;19;10;2;2;Premium;Monthly;1000;11;1
223;54;Female;42;18;5;15;Standard;Quarterly;110;13;0
224;28;Female;16;25;7;11;Standard;Monthly;430;9;1
225;55;Male;23;26;9;14;Premium;Annual;770;24;0
226;33;Female;44;23;9;7;Premium;Annual;550;10;0
227;60;Male;37;18;4;6;Basic;Monthly;820;13;0
228;48;Male;41;15;;28;Standard;Annual;530;25;1
229;46;Female;1;10;0;16;Premium;Annual;150;13;1
230;27;Male;28;23;1;12;Premium;Monthly;490;1;1
231;42;Male;29;10;0;2;Standard;Annual;470;1;0
232;62;Female;39;8;;22;Premium;Annual;870;13;1
233;19;Male;10;26;2;14;Standard;Monthly;230;19;0
234;57;Female;10;18;7;11;Standard;Quarterly;240;28;1
235;43;Male;47;11;9;20;Standard;Annual;230;4;1
236;55;Male;42;26;9;3;Premium;Quarterly;620;16;1
237;52;Male;50;28;;15;Premium;Monthly;;9;0
238;40;Male;17;10;0;25;Basic;Quarterly;660;14;1
239;34;Male;;16;4;13;Basic;Quarterly;850;13;1
240;50;Male;17;15;6;0;Standard;Annual;880;10;0
241;25;Female;40;21;8;6;Premium;Quarterly;650;1;1
242;48;Male;10;28;7;1;Standard;Quarterly;660;3;0
243;22;Male;57;16;6;15;Standard;Annual;320;16;1
244;51;Male;21;24;3;10;Basic;Quarterly;980;7;1
245;50;Male;49;18;1;3;Basic;Annual;820;10;1
246;22;Male;21;26;5;20;Premium;Annual;900;3;1
247;57;Female;49;12;3;5;Standard;Annual;1000;2;0
248;39;Male;28;12;6;10;Premium;Monthly;420;4;1
249;58;Female;4;13;9;29;Basic;Annual;230;11;0
250;20;Female;12;29;6;1;Basic;Annual;890;5;1
251;27;Male;42;18;6;7;Premium;Monthly;530;7;1
252;43;Male;12;5;0;9;Premium;Quarterly;980;9;1
253;27;Male;17;2;7;15;Premium;Quarterly;730;9;0
254;35;Female;34;16;5;7;Basic;Quarterly;330;1;0
255;52;Male;16;24;1;29;Premium;Annual;420;4;1
256;25;Female;8;14;2;0;Standard;Annual;660;28;0
257;53;Female;39;17;9;28;Premium;Monthly;460;20;0
258;23;Female;43;24;;16;Premium;Quarterly;350;4;0
259;27;Male;45;15;6;1;Standard;Annual;290;9;1
260;48;;58;27;;3;Basic;Quarterly;690;12;0
261;59;Male;8;19;2;3;Premium;Annual;130;27;1
262;26;Male;27;22;3;8;Standard;Quarterly;180;26;1
263;33;Male;15;23;;9;Standard;Annual;130;23;1
264;66;Female;55;19;2;19;Standard;Annual;770;4;0
265;69;Female;33;2;7;9;Premium;Monthly;120;15;0
266;48;Female;6;13;2;21;Basic;Annual;480;15;0
267;41;Male;43;5;3;8;Premium;Monthly;210;19;1
268;36;Female;3;15;5;7;Standard;Annual;640;25;1
269;49;Male;17;5;4;8;Basic;Annual;130;10;0
270;48;Male;45;15;10;9;Basic;Monthly;120;17;0
271;33;Female;31;10;;25;Standard;Monthly;470;8;0
272;19;Male;47;1;6;7;Premium;Quarterly;730;7;0
273;25;Male;35;4;6;8;Standard;Monthly;200;10;1
274;67;Female;52;15;0;28;Basic;Quarterly;550;22;0
275;39;Male;35;3;2;19;Standard;Monthly;840;13;0
276;43;Male;4;25;0;5;Basic;Monthly;670;20;0
277;42;Male;5;23;10;26;Basic;Quarterly;790;21;0
278;58;Male;48;21;2;5;Premium;Annual;390;11;0
279;21;Female;3;5;4;4;Premium;Monthly;960;28;0
280;22;Female;23;24;10;13;Basic;Monthly;230;2;0
281;32;Male;1;19;8;20;Standard;Monthly;650;27;0
282;43;Male;19;12;7;5;Standard;Monthly;500;1;1
283;52;Male;37;1;0;22;Standard;Monthly;120;12;1
284;43;Female;11;16;6;4;Premium;Monthly;960;24;0
285;40;Female;29;24;6;23;Basic;Quarterly;740;20;1
286;66;Female;;1;3;2;Premium;Monthly;300;10;0
287;26;Male;5;2;8;13;Standard;Annual;140;26;1
288;47;Male;4;12;;19;Basic;Quarterly;720;4;1
289;46;Male;17;15;3;7;Premium;Annual;600;20;0
290;42;Female;51;14;3;18;Premium;Quarterly;140;16;0
291;59;Male;25;13;3;20;Standard;Quarterly;1000;7;1
292;31;Female;40;8;10;19;Premium;Quarterly;760;27;0
293;67;Female;3;2;0;11;Basic;Annual;520;23;0
294;35;Male;45;1;10;23;Standard;Monthly;310;1;1
295;46;Male;5;3;9;21;Standard;Annual;340;3;1
296;45;Male;44;21;5;9;Premium;Monthly;510;2;1
297;62;Male;10;23;7;22;Standard;Monthly;150;13;1
298;40;Male;53;13;10;27;Premium;Annual;430;13;1
299;32;Female;19;3;9;24;Basic;Annual;300;21;1
300;19;Male;12;13;3;21;Standard;Monthly;200;20;1
301;36;Male;21;29;0;22;Basic;Quarterly;210;1;1
302;60;Female;1;8;7;24;Standard;Quarterly;410;14;1
303;18;Female;11;15;1;8;Basic;Monthly;450;23;1
304;64;Male;37;16;1;21;Premium;Quarterly;420;27;1
305;46;Female;19;10;;5;Basic;Annual;730;9;1
306;25;Female;22;13;5;10;Premium;Quarterly;580;2;1
307;33;Female;50;14;7;28;Premium;Quarterly;270;5;0
308;46;Female;8;14;2;8;Standard;Annual;990;10;1
309;34;Male;25;21;1;25;Premium;Monthly;770;13;0
310;23;Female;12;17;0;12;Premium;Quarterly;530;11;0
311;52;Male;30;2;4;6;Basic;Monthly;140;3;0
312;52;Female;21;1;0;2;Premium;Annual;940;10;1
313;24;Female;3;12;5;16;Standard;Monthly;780;9;1
314;32;Male;5;27;3;13;Premium;Annual;520;15;0
315;30;Male;52;2;6;15;Premium;Quarterly;240;3;0
316;52;Female;4;3;7;1;Premium;Monthly;190;23;0
317;55;Female;48;20;3;8;Standard;Annual;360;13;0
318;55;Male;56;14;5;0;Basic;Monthly;310;10;0
319;66;Female;29;7;0;9;Basic;Monthly;290;27;1
320;57;Female;20;7;3;27;Basic;Quarterly;470;22;0
321;34;Male;48;20;;4;Premium;Annual;140;4;0
322;23;Male;60;16;;20;Standard;Quarterly;390;5;0
323;49;Male;8;19;5;0;Standard;Quarterly;900;1;1
324;65;Female;59;9;;16;Standard;Quarterly;890;17;1
325;68;Male;58;16;6;27;Basic;Monthly;100;11;0
326;29;Female;9;25;1;10;Standard;Monthly;720;11;0
327;30;Male;4;10;10;5;Standard;Monthly;;15;1
328;19;Female;44;12;4;17;Premium;Monthly;630;16;0
329;25;Male;5;5;7;8;Basic;Annual;450;1;1
330;46;Male;37;19;7;26;Premium;Quarterly;550;4;1
331;46;Female;4;1;3;25;Basic;Quarterly;290;23;1
332;37;Male;43;8;8;19;Standard;Annual;460;28;1
333;34;Male;15;21;6;19;Standard;Annual;960;25;0
334;61;Female;6;1;4;18;Premium;Annual;660;27;0
335;41;Female;5;29;3;22;Standard;Quarterly;490;14;0
336;60;Female;12;12;8;13;Basic;Annual;210;24;0
337;68;Male;33;12;2;29;Standard;Annual;930;26;0
338;34;Female;5;16;1;10;Standard;Monthly;240;26;1
339;28;Female;49;19;10;0;Standard;Monthly;760;5;1
340;67;Male;37;14;3;20;Basic;Quarterly;370;5;0
341;51;Male;19;26;7;19;Basic;Annual;350;12;1
342;33;Female;;28;8;29;Standard;Annual;250;15;0
343;50;Male;41;6;10;11;Basic;Annual;440;28;0
344;44;Female;41;21;7;12;Standard;Annual;720;10;0
345;65;Female;11;9;8;16;Basic;Monthly;480;25;1
346;31;Female;44;29;10;11;Premium;Quarterly;120;26;1
347;69;Male;35;8;;23;Basic;Monthly;340;28;1
348;66;Male;;9;0;12;Standard;Quarterly;240;6;0
349;27;Male;30;21;8;23;Premium;Monthly;460;8;0
350;26;Male;42;23;2;12;Standard;Monthly;930;7;1
351;45;Female;21;4;10;6;Basic;Annual;980;22;0
352;20;Female;3;17;0;29;Basic;Annual;;20;0
353;33;Male;8;11;2;15;Standard;Annual;200;12;0
354;40;Male;53;18;2;21;Basic;Quarterly;540;3;0
355;68;Female;46;17;7;17;Premium;Monthly;140;16;1
356;69;Male;23;29;0;10;Premium;Quarterly;550;22;0
357;25;Male;43;28;0;29;Premium;Annual;630;14;1
358;64;Male;1;19;6;11;Premium;Quarterly;810;8;1
359;22;Female;3;20;;29;Standard;Monthly;400;18;0
360;56;Male;31;27;6;12;Basic;Quarterly;130;20;0
361;61;Female;39;6;5;0;Standard;Annual;510;18;1
362;64;Male;58;22;7;1;Basic;Monthly;490;26;1
363;29;Female;47;23;6;29;Premium;Annual;670;10;1
364;64;Male;16;4;4;15;Standard;Annual;190;18;0
365;24;Male;50;26;7;11;Standard;Annual;660;25;1
366;44;Male;30;21;0;24;Premium;Quarterly;460;7;1
367;42;Male;51;11;2;18;Standard;Monthly;770;9;0
368;34;Male;11;15;8;19;Standard;Monthly;1000;2;1
369;19;Male;2;15;4;20;Basic;Quarterly;300;11;1
370;58;Male;4;27;0;5;Basic;Quarterly;790;2;1
371;35;Male;;29;1;2;Basic;Monthly;210;22;0
372;52;Female;5;24;10;21;Standard;Annual;1000;3;0
373;39;Male;58;19;3;0;Premium;Annual;540;21;0
374;37;Female;45;4;0;21;Basic;Quarterly;780;17;1
375;64;Female;9;27;8;3;Standard;Annual;810;29;0
376;22;Male;53;4;6;7;Basic;Quarterly;650;11;0
377;56;Female;9;5;5;21;Basic;Quarterly;450;10;1
378;56;Female;9;3;10;18;Basic;Quarterly;790;8;0
379;37;Female;36;28;3;23;Standard;Quarterly;530;16;1
380;31;Male;18;15;6;18;Standard;Annual;700;7;0
381;18;Male;18;7;8;1;Standard;Monthly;660;4;1
382;66;Male;12;3;7;25;Standard;Annual;520;28;0
383;67;Male;38;12;2;6;Standard;Annual;200;20;1
384;30;;2;21;8;4;Basic;Annual;360;4;1
385;19;Female;15;29;8;26;Premium;Monthly;960;18;0
386;24;Male;34;17;1;5;Standard;Monthly;570;9;0
387;21;Female;30;18;1;16;Basic;Quarterly;680;6;0
388;61;Male;43;25;8;14;Standard;Annual;330;14;1
389;64;Female;14;27;1;23;Standard;Annual;740;23;0
390;25;Male;40;9;10;1;Premium;Annual;540;1;0
391;56;Female;47;29;1;3;Basic;Monthly;300;11;0
392;27;Female;24;16;;12;Premium;Quarterly;230;27;1
393;37;Male;16;27;8;14;Standard;Annual;460;12;1
394;49;Male;34;4;5;23;Basic;Quarterly;620;3;0
395;55;Female;36;3;3;18;Standard;Annual;350;13;1
396;63;Male;6;26;4;4;Premium;Monthly;320;20;1
397;20;Male;35;20;8;29;Basic;Quarterly;340;29;1
398;28;Female;10;6;9;13;Premium;Quarterly;370;19;1
399;32;Female;35;26;2;28;Premium;Annual;770;2;0
400;34;Male;57;3;6;29;Premium;Monthly;550;24;1
401;69;Male;33;20;;1;Basic;Monthly;530;23;1
402;58;Male;47;6;3;15;Standard;Monthly;240;19;1
403;34;Female;19;3;8;12;Standard;Monthly;600;26;0
404;68;Male;57;24;2;14;Standard;Annual;980;23;0
405;43;Male;50;25;10;9;Premium;Annual;780;7;1
406;44;Male;56;4;2;16;Basic;Monthly;510;13;0
407;40;Female;46;3;3;14;Standard;Annual;380;15;1
408;25;Male;40;18;5;5;Premium;Quarterly;420;15;0
409;66;Female;33;1;4;8;Premium;Annual;120;19;1
410;18;Female;57;22;2;4;Standard;Monthly;120;21;0
411;27;Female;52;27;7;25;Premium;Annual;810;4;0
412;29;Female;26;22;0;20;Standard;Quarterly;870;17;0
413;32;Female;6;7;;11;Standard;Annual;990;2;1
414;24;Female;1;6;0;11;Standard;Quarterly;670;15;1
415;18;Male;15;20;4;2;Basic;Annual;950;13;1
416;53;Female;4;2;;8;Basic;Quarterly;480;6;1
417;68;Male;13;16;1;27;Premium;Annual;330;29;1
418;24;Male;7;14;0;0;Basic;Quarterly;320;8;1
419;33;Female;60;22;8;4;Standard;Monthly;310;2;1
420;44;Female;6;6;0;25;Standard;Annual;780;11;1
421;66;Female;39;23;10;15;Standard;Annual;100;22;1
422;54;Male;22;21;5;0;Standard;Quarterly;960;1;0
423;57;Male;11;7;10;14;Premium;Monthly;810;15;1
424;48;Male;43;11;2;22;Premium;Annual;450;13;0
425;39;Male;60;2;1;10;Premium;Annual;740;26;0
426;28;Male;49;14;;11;Standard;Annual;220;1;1
427;62;Male;60;8;9;18;Premium;Annual;490;1;1
428;59;Male;37;4;10;17;Standard;Quarterly;200;17;0
429;19;Female;42;17;3;27;Standard;Monthly;200;6;0
430;55;Male;9;17;4;7;Premium;Monthly;100;21;1
431;22;Female;52;3;6;8;Premium;Monthly;830;9;0
432;56;Female;46;6;5;4;Basic;Monthly;780;17;0
433;60;Male;16;3;2;19;Premium;Annual;920;2;1
434;24;Male;22;20;4;16;Premium;Annual;1000;21;1
435;40;Male;38;10;7;10;Premium;Monthly;980;16;1
436;24;Female;1;3;0;20;Premium;Quarterly;;1;1
437;47;Male;50;6;4;11;Premium;Monthly;110;8;0
438;66;Male;18;29;3;5;Basic;Quarterly;820;2;0
439;22;Female;5;8;0;16;Basic;Annual;760;2;1
440;38;Female;21;20;1;13;Basic;Annual;240;21;1
441;68;Male;51;14;5;12;Basic;Annual;220;13;0
442;33;Male;17;6;1;13;Basic;Monthly;990;24;0
443;24;Male;33;9;4;27;Standard;Annual;910;8;0
444;43;Male;50;1;6;6;Basic;Annual;400;21;0
445;44;Male;3;22;10;8;Basic;Quarterly;160;18;0
446;52;Female;47;10;1;16;Standard;Monthly;400;20;0
447;34;Female;18;15;5;1;Premium;Monthly;100;25;1
448;67;Male;43;5;1;4;Basic;Annual;730;21;0
449;45;Female;12;24;5;16;Standard;Monthly;440;22;1
450;32;Male;9;7;5;15;Standard;Monthly;140;22;1
451;67;Female;49;17;9;19;Premium;Quarterly;1000;13;1
452;66;Female;50;26;5;3;Basic;Monthly;850;22;1
453;43;Female;60;21;;25;Premium;Annual;930;25;0
454;19;Female;42;18;1;14;Basic;Annual;;22;0
455;49;Male;29;26;0;4;Basic;Monthly;110;18;1
456;46;Male;12;6;0;9;Basic;Monthly;810;3;0
457;25;Male;19;28;4;6;Premium;Monthly;820;13;0
458;50;Male;40;17;2;13;Basic;Annual;810;2;0
459;61;Female;22;12;1;14;Premium;Quarterly;340;4;1
460;23;Male;30;8;2;13;Premium;Quarterly;450;11;0
461;55;Female;11;22;;13;Premium;Monthly;950;14;1
462;25;Male;27;29;9;27;Basic;Monthly;160;16;0
463;56;Male;15;21;0;28;Basic;Quarterly;680;27;1
464;39;Male;7;1;10;14;Basic;Monthly;820;23;0
465;18;Female;9;14;2;28;Premium;Quarterly;830;13;1
466;68;Female;32;22;4;24;Basic;Annual;640;10;1
467;26;Male;23;12;3;24;Standard;Monthly;800;21;0
468;48;Male;7;23;4;6;Standard;Quarterly;930;8;0
469;27;Female;32;21;9;13;Premium;Annual;800;26;1
470;66;Male;11;2;8;10;Standard;Annual;200;23;1
471;56;Female;1;17;7;2;Standard;Monthly;320;20;0
472;59;Male;9;5;7;2;Premium;Monthly;380;8;0
473;40;Male;28;15;8;18;Premium;Annual;410;19;0
474;42;Male;59;12;2;12;Standard;Annual;430;24;0
475;50;Male;15;24;4;24;Standard;Monthly;300;3;0
476;58;Male;18;26;1;20;Standard;Quarterly;720;6;0
477;62;Male;15;14;8;2;Premium;Quarterly;200;15;0
478;18;;22;16;5;25;Standard;Annual;820;11;1
479;52;Male;44;19;7;14;Standard;Annual;700;21;1
480;23;Male;20;20;6;16;Premium;Quarterly;980;12;1
481;32;Male;41;19;3;28;Premium;Annual;100;29;1
482;61;Male;55;23;1;19;Standard;Monthly;370;9;1
483;31;Female;58;29;;0;Basic;Monthly;920;11;0
484;59;Male;35;25;3;5;Basic;Annual;550;1;1
485;42;Female;44;4;1;12;Standard;Monthly;610;8;0
486;30;Male;57;14;3;1;Premium;Annual;120;7;1
487;35;Female;48;14;10;5;Premium;Monthly;800;23;1
488;45;Male;19;15;3;23;Premium;Quarterly;330;10;1
489;57;Female;9;16;;4;Basic;Monthly;980;6;0
490;49;Male;8;21;5;5;Standard;Annual;440;10;1
491;66;Male;54;13;10;15;Premium;Quarterly;270;17;0
492;63;Female;34;8;7;2;Premium;Monthly;640;23;0
493;57;Female;19;14;0;7;Basic;Quarterly;530;29;0
494;49;Female;22;25;6;28;Premium;Monthly;530;2;0
495;33;Male;18;10;5;18;Basic;Annual;970;25;1
496;39;Female;49;1;2;28;Basic;Monthly;430;12;0
497;24;Female;38;29;6;10;Premium;Quarterly;460;24;0
498;37;Female;54;6;1;18;Premium;Quarterly;670;2;1
499;66;Male;19;18;8;7;Premium;Monthly;250;19;1
500;40;Female;29;24;9;11;Standard;Monthly;860;27;0
501;23;Female;8;8;1;5;Standard;Quarterly;310;2;1
502;51;Female;60;10;5;24;Standard;Quarterly;320;23;1
503;68;Male;32;9;7;5;Standard;Monthly;100;4;1
504;63;Male;34;5;0;6;Standard;Monthly;410;29;1
505;32;Female;26;5;4;13;Basic;Annual;630;22;1
506;41;Male;17;6;3;12;Premium;Annual;740;27;0
507;45;Female;58;14;0;9;Standard;Quarterly;920;27;1
508;30;Male;30;16;9;10;Standard;Annual;810;10;0
509;31;Male;42;1;5;8;Premium;Monthly;390;13;1
510;30;Female;3;25;9;27;Standard;Annual;850;21;0
511;69;Male;17;20;7;17;Standard;Annual;270;6;0
512;56;Male;50;3;10;27;Basic;Monthly;290;9;1
513;61;Female;6;25;;29;Basic;Quarterly;420;3;1
514;60;Female;7;1;7;19;Standard;Annual;590;26;0
515;67;Female;50;17;4;24;Standard;Quarterly;280;8;0
516;23;Male;19;14;5;3;Premium;Monthly;920;12;0
517;63;Male;17;15;9;28;Premium;Quarterly;340;14;1
518;21;Female;35;28;5;14;Premium;Annual;460;11;0
519;42;Male;12;27;6;21;Standard;Monthly;650;23;0
520;48;Male;3;9;2;7;Basic;Quarterly;490;27;1
521;36;Male;1;17;;2;Premium;Quarterly;470;17;0
522;25;Male;5;28;7;26;Premium;Quarterly;1000;25;0
523;27;Female;10;22;3;13;Standard;Monthly;500;4;1
524;60;Female;43;26;7;4;Premium;Monthly;200;29;0
525;34;Female;19;13;4;19;Premium;Annual;770;4;1
526;34;Male;5;9;1;1;Standard;Annual;740;2;1
527;66;Male;1;15;10;13;Basic;Quarterly;300;1;0
528;25;Male;30;24;10;21;Basic;Annual;880;8;1
529;65;Male;52;27;10;21;Premium;Annual;460;25;1
530;65;Male;21;20;4;13;Standard;Quarterly;230;9;1
531;49;Male;4;21;3;11;Basic;Quarterly;250;23;1
532;26;Male;14;15;0;25;Basic;Annual;750;13;0
533;26;Female;31;10;8;5;Premium;Quarterly;290;4;0
534;32;Female;12;13;3;2;Basic;Annual;530;14;1
535;48;Male;60;15;10;4;Basic;Annual;770;7;0
536;25;Male;47;24;10;24;Standard;Monthly;880;9;0
537;41;Female;22;17;1;14;Standard;Quarterly;550;16;1
538;24;Female;59;23;;1;Premium;Annual;930;23;0
539;46;Female;20;1;1;5;Premium;Annual;370;18;1
540;19;Male;9;22;5;0;Standard;Quarterly;900;7;1
541;54;Female;58;15;5;24;Basic;Annual;330;21;1
542;20;Male;59;29;;13;Premium;Quarterly;150;21;0
543;28;Male;20;14;7;2;Standard;Quarterly;760;7;0
544;27;Male;37;14;10;6;Premium;Monthly;790;25;1
545;61;Male;11;4;7;18;Standard;Monthly;950;25;0
546;20;Male;40;24;9;17;Basic;Annual;940;18;1
547;40;Male;43;21;10;24;Premium;Annual;190;9;1
548;48;Female;44;26;10;0;Basic;Annual;670;11;0
549;44;Male;35;3;4;2;Premium;Annual;740;13;0
550;53;Male;43;7;4;1;Premium;Monthly;650;6;1
551;59;Male;34;26;;11;Basic;Quarterly;110;9;0
552;38;Male;51;2;9;21;Premium;Quarterly;140;4;1
553;61;Male;11;15;;19;Basic;Annual;710;5;1
554;34;Male;30;12;6;6;Standard;Quarterly;880;22;0
555;69;Male;26;28;;19;Standard;Annual;260;4;1
556;44;Female;33;25;8;19;Standard;Annual;140;14;0
557;56;Female;9;27;8;5;Standard;Annual;470;13;0
558;63;Male;20;9;2;22;Standard;Annual;380;2;1
559;59;Female;59;18;6;12;Standard;Annual;1000;25;1
560;62;Female;7;21;8;1;Premium;Monthly;950;29;1
561;45;;39;29;9;11;Basic;Quarterly;610;19;1
562;20;Female;41;1;;23;Premium;Quarterly;970;20;1
563;43;Female;29;29;3;20;Basic;Monthly;310;7;0
564;27;Female;3;11;3;8;Basic;Quarterly;;25;0
565;64;Female;3;4;;22;Premium;Quarterly;510;23;0
566;30;Male;17;18;;11;Basic;Quarterly;530;13;0
567;29;Male;7;23;2;13;Premium;Monthly;140;21;1
568;30;Male;6;4;4;2;Basic;Quarterly;260;28;1
569;51;Male;10;2;;29;Basic;Quarterly;270;18;0
570;47;Male;12;27;2;25;Premium;Monthly;540;6;1
571;67;Male;52;28;9;5;Basic;Quarterly;270;10;1
572;39;Female;39;5;1;16;Premium;Monthly;190;6;1
573;32;Female;2;27;2;23;Standard;Monthly;650;10;0
574;20;Female;39;27;9;15;Premium;Quarterly;900;26;1
575;18;Male;9;29;7;6;Premium;Quarterly;160;6;1
576;37;Male;26;7;6;29;Basic;Annual;610;26;0
577;66;Female;3;17;10;8;Basic;Monthly;980;9;0
578;45;Female;6;29;3;10;Standard;Quarterly;470;15;0
579;64;;9;27;6;11;Premium;Annual;260;16;1
580;23;Female;27;18;7;26;Basic;Monthly;170;4;1
581;22;Female;29;6;8;15;Basic;Annual;960;6;1
582;61;Male;22;3;3;21;Standard;Annual;470;9;1
583;23;Male;38;8;7;27;Basic;Annual;190;2;0
584;20;Male;44;2;5;27;Basic;Annual;890;22;0
585;39;Female;45;6;6;25;Basic;Monthly;830;16;1
586;66;Female;36;3;10;27;Premium;Quarterly;740;25;1
587;53;Male;34;23;4;28;Premium;Annual;170;26;1
588;23;Female;30;18;8;29;Basic;Monthly;170;11;0
589;61;Male;15;16;;19;Standard;Quarterly;300;24;0
590;61;Male;30;24;9;3;Standard;Annual;240;2;0
591;59;Male;1;12;;3;Standard;Annual;580;13;0
592;64;Male;59;12;7;23;Premium;Quarterly;460;20;0
593;30;Female;23;7;3;9;Standard;Annual;800;14;1
594;68;Male;47;13;;24;Premium;Annual;190;22;1
595;34;Female;59;6;7;28;Basic;Monthly;760;25;0
596;59;Female;31;18;2;19;Basic;Monthly;950;13;0
597;48;Male;53;29;3;22;Standard;Annual;220;8;0
598;58;Male;30;16;3;8;Premium;Monthly;700;17;1
599;50;Female;9;9;10;13;Standard;Monthly;560;26;1
600;51;Male;2;20;1;28;Standard;Quarterly;180;29;0
601;50;Female;9;24;8;24;Basic;Annual;360;24;1
602;58;Male;58;14;6;6;Standard;Annual;820;8;0
603;56;Female;29;8;0;28;Premium;Monthly;890;6;0
604;24;Female;20;21;7;14;Standard;Quarterly;430;17;1
605;60;Male;28;6;9;25;Basic;Annual;190;12;0
606;45;Male;16;29;8;15;Premium;Monthly;320;18;0
607;34;Female;54;10;6;18;Premium;Quarterly;870;27;1
608;44;Male;;11;4;4;Standard;Quarterly;620;16;0
609;68;Male;6;22;1;10;Standard;Annual;490;11;0
610;62;Male;44;1;0;21;Standard;Annual;110;26;0
611;61;Male;21;6;4;25;Premium;Annual;820;13;0
612;42;Female;3;4;7;2;Standard;Monthly;520;18;1
613;58;Female;57;12;0;2;Basic;Quarterly;600;4;0
614;38;Male;4;17;;20;Basic;Annual;870;15;1
615;53;Female;13;6;7;13;Premium;Quarterly;610;13;1
616;51;Male;2;10;3;25;Premium;Annual;950;4;0
617;30;Male;29;23;;2;Premium;Quarterly;610;7;0
618;31;Female;37;28;2;10;Basic;Quarterly;410;21;0
619;21;;20;1;;1;Basic;Monthly;940;6;0
620;25;Male;5;19;3;21;Standard;Annual;690;4;0
621;40;Male;8;1;4;25;Basic;Annual;790;2;1
622;42;Male;57;16;5;4;Standard;Annual;300;1;0
623;26;Female;50;26;;9;Standard;Monthly;710;13;1
624;39;Male;58;24;3;25;Basic;Monthly;610;15;1
625;49;Male;33;7;;1;Basic;Monthly;190;19;1
626;30;Female;34;8;4;28;Standard;Monthly;330;17;0
627;35;Male;48;23;3;26;Premium;Monthly;930;16;0
628;37;Male;38;24;7;4;Standard;Monthly;620;29;1
629;44;Male;27;9;8;4;Basic;Annual;810;8;0
630;37;Male;18;1;4;20;Basic;Monthly;250;21;1
631;56;Male;30;13;1;0;Standard;Quarterly;300;3;1
632;35;Female;4;18;4;15;Basic;Quarterly;960;25;1
633;40;Female;12;13;6;1;Premium;Quarterly;480;11;0
634;37;Female;45;28;0;15;Premium;Annual;910;11;0
635;27;Female;53;24;0;10;Basic;Monthly;840;4;1
636;53;Male;7;23;;21;Premium;Annual;400;15;1
637;30;Male;6;1;0;26;Basic;Annual;970;12;1
638;33;Female;6;25;4;14;Standard;Monthly;810;29;1
639;59;Male;49;22;9;19;Premium;Annual;210;6;1
640;67;Female;19;12;3;18;Basic;Quarterly;180;13;1
641;52;Female;20;18;5;29;Basic;Annual;210;27;1
642;65;Male;1;24;1;6;Basic;Monthly;780;24;0
643;62;Male;60;27;9;7;Premium;Monthly;230;23;0
644;43;Male;27;16;7;11;Basic;Quarterly;350;16;1
645;58;Male;49;2;10;22;Standard;Annual;490;26;1
646;35;Male;44;18;10;25;Standard;Monthly;220;7;0
647;41;Male;9;20;4;8;Premium;Annual;400;24;1
648;45;Female;49;2;0;3;Premium;Annual;720;17;0
649;67;Female;34;24;4;18;Premium;Quarterly;990;11;0
650;62;Female;37;6;1;17;Premium;Annual;530;7;1
651;43;Male;13;26;6;11;Standard;Annual;780;16;0
652;51;Male;52;16;1;5;Standard;Monthly;580;1;1
653;28;Male;57;10;;25;Basic;Annual;520;21;1
654;59;Male;25;2;7;25;Premium;Annual;570;7;1
655;46;Female;6;1;3;22;Standard;Monthly;980;12;0
656;45;Male;52;22;;17;Standard;Quarterly;150;6;1
657;57;Male;55;11;9;7;Basic;Quarterly;570;14;0
658;50;Female;31;25;5;12;Basic;Annual;140;11;1
659;21;Male;36;7;1;2;Standard;Annual;900;6;0
660;32;Male;14;27;4;7;Standard;Quarterly;650;26;1
661;27;Male;5;28;7;13;Standard;Monthly;140;23;1
662;56;Female;58;3;9;13;Basic;Monthly;670;12;0
663;19;Female;30;19;3;2;Basic;Monthly;500;2;0
664;28;Male;17;28;8;28;Premium;Quarterly;140;25;0
665;49;Female;43;10;3;8;Standard;Annual;1000;21;1
666;54;Female;2;2;2;15;Standard;Monthly;440;17;1
667;44;Female;5;26;5;13;Basic;Annual;120;18;1
668;62;Male;15;14;1;14;Standard;Quarterly;660;1;1
669;65;Male;28;1;4;25;Standard;Monthly;440;14;1
670;24;Female;23;25;4;22;Standard;Monthly;700;6;1
671;67;Male;12;20;3;26;Premium;Monthly;240;19;0
672;49;Female;22;3;9;11;Premium;Annual;860;28;1
673;51;Female;21;8;3;7;Basic;Monthly;480;16;1
674;22;Male;33;1;8;12;Standard;Annual;480;18;1
675;50;Female;35;28;8;16;Premium;Quarterly;830;20;0
676;55;Female;54;1;7;10;Standard;Monthly;600;27;0
677;48;Female;50;24;3;13;Basic;Monthly;100;2;0
678;22;Male;18;15;9;4;Basic;Quarterly;630;9;1
679;45;Female;56;17;2;17;Premium;Quarterly;690;8;1
680;66;Male;32;24;3;21;Premium;Annual;380;21;0
681;55;Female;12;26;10;15;Basic;Quarterly;260;13;0
682;25;Female;21;4;4;26;Standard;Monthly;140;23;1
683;67;Female;46;1;8;29;Standard;Monthly;870;14;1
684;67;Male;51;4;0;27;Basic;Quarterly;100;29;1
685;26;Male;23;20;7;2;Standard;Quarterly;630;23;1
686;59;Male;10;17;10;26;Premium;Annual;860;1;1
687;39;Male;12;3;8;10;Basic;Annual;420;29;0
688;48;Male;7;7;6;13;Basic;Quarterly;280;28;0
689;41;Female;43;16;10;12;Standard;Quarterly;750;2;1
690;58;Male;31;22;3;8;Basic;Annual;670;12;1
691;69;Female;28;10;4;26;Premium;Monthly;110;29;0
692;59;Female;41;28;0;19;Standard;Quarterly;630;25;1
693;66;Male;51;29;8;29;Basic;Monthly;100;14;0
694;67;Female;49;23;8;28;Standard;Quarterly;460;16;0
695;22;Female;9;14;9;12;Premium;Annual;370;1;0
696;31;Male;36;26;8;21;Standard;Monthly;860;17;1
697;55;Male;54;22;1;15;Standard;Monthly;990;20;1
698;48;Female;48;16;7;14;Basic;Monthly;740;11;1
699;20;Female;21;13;9;22;Basic;Monthly;770;9;1
700;22;Female;24;25;2;20;Basic;Monthly;120;25;1
701;45;Female;55;17;5;27;Basic;Annual;150;14;0
702;50;Female;3;6;10;23;Basic;Annual;810;8;1
703;26;Male;33;29;4;18;Standard;Quarterly;490;11;0
704;26;Female;8;2;9;27;Basic;Annual;560;15;1
705;24;Male;55;21;6;3;Standard;Annual;730;8;0
706;47;Female;3;20;7;22;Premium;Annual;410;17;0
707;18;Male;2;17;7;11;Premium;Annual;720;25;1
708;47;Male;21;2;7;12;Standard;Monthly;760;22;0
709;42;Female;13;15;9;23;Basic;Quarterly;320;7;1
710;42;Male;31;26;10;8;Standard;Quarterly;730;14;1
711;53;Female;19;7;3;26;Premium;Quarterly;250;16;1
712;45;Male;22;21;;14;Standard;Annual;380;20;0
713;55;Female;35;25;7;10;Premium;Monthly;810;22;0
714;57;Female;35;28;7;9;Premium;Annual;1000;15;0
715;65;Male;58;15;3;12;Basic;Annual;150;10;1
716;59;Female;30;10;5;28;Basic;Monthly;690;20;1
717;44;Male;35;21;7;3;Basic;Quarterly;620;4;0
718;43;Female;42;15;4;15;Basic;Annual;650;20;1
719;30;Female;11;19;3;25;Basic;Monthly;820;26;1
720;49;Female;41;22;9;14;Standard;Monthly;160;21;1
721;25;Male;53;21;4;16;Standard;Annual;780;13;0
722;66;Male;20;8;7;10;Standard;Monthly;350;24;1
723;61;Female;11;22;0;4;Premium;Annual;240;16;1
724;24;Female;22;16;0;19;Premium;Annual;510;16;0
725;58;Male;17;27;10;27;Premium;Quarterly;120;25;0
726;24;Male;36;20;1;15;Premium;Quarterly;680;6;0
727;55;Male;53;26;9;12;Standard;Quarterly;610;23;1
728;22;Female;37;29;10;3;Premium;Quarterly;570;20;1
729;43;Male;8;29;5;28;Standard;Quarterly;120;16;1
730;52;Male;20;22;10;26;Basic;Quarterly;800;3;0
731;55;Female;43;18;5;27;Basic;Annual;130;23;1
732;39;Male;21;4;;10;Basic;Annual;340;7;0
733;65;Female;36;12;2;18;Premium;Annual;460;26;1
734;58;Male;43;14;5;12;Basic;Monthly;740;23;0
735;28;Female;21;23;4;7;Premium;Monthly;470;11;1
736;52;Female;40;18;9;6;Premium;Annual;850;13;1
737;55;Female;25;13;0;11;Standard;Quarterly;950;1;1
738;35;Male;9;5;9;16;Premium;Quarterly;800;15;1
739;56;Male;23;21;0;3;Premium;Monthly;130;2;0
740;64;Female;27;13;3;21;Premium;Monthly;800;29;1
741;60;Male;1;2;7;13;Standard;Monthly;280;19;1
742;57;Male;55;9;1;26;Basic;Quarterly;910;7;0
743;50;Male;33;26;5;8;Basic;Quarterly;1000;24;1
744;32;Female;3;4;;1;Premium;Quarterly;170;1;0
745;59;Female;53;12;9;9;Premium;Monthly;190;16;0
746;36;Female;53;15;0;29;Standard;Monthly;740;4;1
747;45;Female;1;3;7;9;Basic;Annual;230;2;0
748;34;Male;10;5;7;21;Premium;Quarterly;990;8;0
749;34;Male;23;28;0;25;Basic;Monthly;590;9;0
750;26;Male;31;18;7;8;Standard;Quarterly;620;22;1
751;67;Female;45;7;6;19;Standard;Quarterly;890;26;1
752;25;Male;26;5;8;6;Basic;Quarterly;290;23;0
753;22;Female;38;13;3;10;Basic;Monthly;610;22;1
754;66;Female;1;21;3;8;Basic;Annual;;17;1
755;46;Male;41;22;8;20;Premium;Monthly;120;11;1
756;40;Female;56;6;8;26;Premium;Annual;260;8;1
757;56;Male;33;22;1;7;Standard;Quarterly;230;28;1
758;37;Female;28;26;2;8;Standard;Quarterly;400;16;0
759;24;Female;19;7;7;24;Standard;Quarterly;210;17;0
760;55;Female;59;1;9;13;Standard;Quarterly;250;1;1
761;27;Male;3;28;2;15;Standard;Quarterly;880;14;0
762;46;Male;18;16;2;21;Standard;Quarterly;520;20;1
763;67;Male;9;23;9;4;Standard;Monthly;420;15;0
764;66;Male;53;10;8;26;Standard;Quarterly;480;18;0
765;36;Male;30;9;10;10;Standard;Monthly;990;24;1
766;58;Male;57;7;9;19;Premium;Monthly;550;1;0
767;49;Female;41;7;;12;Basic;Annual;530;27;1
768;42;Male;34;14;2;22;Basic;Monthly;950;24;1
769;25;Male;32;4;3;18;Standard;Quarterly;130;13;0
770;37;Female;13;25;2;5;Basic;Monthly;540;23;0
771;51;Female;35;15;0;5;Basic;Quarterly;780;2;0
772;69;Female;42;27;9;26;Premium;Quarterly;570;9;1
773;18;Female;59;15;7;15;Standard;Monthly;890;4;0
774;55;Female;34;9;1;8;Standard;Annual;910;19;1
775;62;Female;58;15;2;4;Premium;Monthly;400;25;0
776;67;Male;58;5;2;3;Basic;Quarterly;850;18;0
777;40;Female;32;24;4;27;Standard;Quarterly;320;21;0
778;24;Male;27;21;5;29;Basic;Quarterly;320;5;0
779;32;Male;9;5;3;11;Standard;Quarterly;990;28;0
780;62;Male;17;17;;6;Basic;Quarterly;110;6;1
781;63;Male;54;16;2;12;Premium;Monthly;420;16;0
782;51;Female;9;6;6;4;Basic;Annual;670;20;1
783;24;Male;25;4;5;16;Basic;Monthly;480;25;1
784;24;Male;43;23;4;18;Basic;Quarterly;870;28;1
785;42;Male;15;8;9;29;Basic;Quarterly;330;18;1
786;48;Female;60;16;;9;Basic;Quarterly;600;17;0
787;19;Male;40;8;0;5;Basic;Monthly;210;13;1
788;53;Female;2;19;5;4;Premium;Annual;290;17;0
789;46;Female;16;2;1;11;Premium;Quarterly;250;20;1
790;18;Male;46;11;5;18;Premium;Monthly;780;19;0
791;22;Female;53;16;7;1;Premium;Monthly;280;18;1
792;41;Male;57;13;4;22;Premium;Quarterly;710;13;1
793;55;Male;52;18;3;13;Standard;Quarterly;410;6;1
794;60;Female;5;6;3;23;Standard;Quarterly;610;2;0
795;40;Female;45;13;3;13;Standard;Annual;900;13;1
796;33;Male;7;22;3;4;Basic;Annual;890;12;1
797;68;Female;5;10;4;0;Standard;Annual;110;18;1
798;41;Male;43;5;8;16;Premium;Annual;820;27;0
799;34;Female;30;25;1;16;Basic;Annual;970;21;0
800;41;Female;40;23;0;24;Premium;Annual;710;24;0
801;18;Female;52;20;6;26;Premium;Quarterly;270;17;1
802;33;Female;5;24;8;4;Standard;Quarterly;710;27;0
803;44;Male;33;23;3;9;Standard;Quarterly;680;28;1
804;65;Female;51;22;2;6;Basic;Monthly;700;5;1
805;56;Female;27;15;7;3;Basic;Annual;490;19;1
806;58;Female;32;1;4;0;Basic;Quarterly;580;15;1
807;46;Male;31;18;8;2;Premium;Quarterly;690;29;1
808;23;Male;56;8;1;15;Standard;Annual;520;17;1
809;38;Male;4;23;1;4;Basic;Annual;810;1;0
810;69;Male;54;14;6;5;Standard;Annual;750;7;1
811;20;Male;50;27;4;3;Premium;Annual;370;4;1
812;63;Male;50;18;8;21;Basic;Annual;660;6;1
813;53;Female;26;16;6;19;Basic;Monthly;790;3;1
814;32;Male;32;27;4;28;Premium;Monthly;550;23;1
815;58;Female;23;14;1;3;Premium;Monthly;750;15;1
816;61;Male;16;11;1;6;Standard;Annual;210;20;1
817;20;Female;54;11;9;13;Premium;Annual;450;29;1
818;23;Male;31;26;2;19;Standard;Annual;740;19;0
819;52;Male;45;22;6;3;Standard;Annual;920;14;0
820;69;Female;7;5;9;6;Basic;Annual;690;8;1
821;19;Female;49;15;10;12;Premium;Annual;710;22;1
822;52;Male;41;11;3;0;Premium;Annual;410;15;0
823;25;Male;;19;1;11;Basic;Monthly;740;22;1
824;51;Female;9;2;9;22;Premium;Quarterly;420;1;1
825;50;Female;33;21;8;15;Premium;Quarterly;140;5;1
826;22;Male;32;22;3;13;Basic;Quarterly;320;4;0
827;53;Male;33;7;7;14;Basic;Quarterly;660;20;1
828;64;Male;4;5;2;28;Standard;Monthly;980;16;0
829;62;Female;29;19;8;15;Standard;Monthly;550;10;0
830;19;Male;19;8;8;16;Standard;Monthly;890;9;0
831;30;Male;38;28;3;27;Standard;Monthly;810;18;0
832;30;Female;15;23;5;4;Premium;Annual;610;29;0
833;41;Male;27;28;4;2;Standard;Quarterly;830;29;1
834;25;Male;38;16;0;13;Basic;Annual;460;14;0
835;62;Male;4;28;1;9;Basic;Annual;500;20;0
836;58;Male;48;1;;6;Premium;Annual;770;3;1
837;60;Male;44;9;5;3;Premium;Monthly;680;28;1
838;28;Male;4;1;1;26;Standard;Quarterly;580;1;1
839;18;Female;4;20;0;18;Basic;Monthly;490;10;1
840;65;Female;52;15;4;20;Basic;Monthly;990;22;0
841;33;Male;18;9;;3;Basic;Monthly;160;29;1
842;52;Female;53;9;4;10;Basic;Monthly;150;5;1
843;65;Male;31;19;;18;Standard;Monthly;540;20;1
844;19;Female;21;6;5;15;Basic;Annual;130;6;1
845;18;Male;17;15;9;20;Basic;Quarterly;410;2;1
846;18;Female;41;18;9;20;Basic;Quarterly;620;13;1
847;26;Male;7;7;0;12;Premium;Quarterly;470;17;1
848;20;Female;25;7;0;23;Standard;Annual;280;8;1
849;60;Male;22;11;;7;Basic;Monthly;360;29;0
850;49;Female;10;18;;2;Premium;Quarterly;650;18;0
851;68;Male;22;8;1;27;Standard;Monthly;970;13;0
852;59;Female;33;11;7;0;Basic;Quarterly;810;15;0
853;68;Male;42;16;;8;Premium;Quarterly;600;14;0
854;30;Female;6;6;;3;Premium;Annual;220;4;1
855;32;Female;54;17;3;6;Standard;Quarterly;320;18;0
856;62;;54;5;9;11;Basic;Monthly;500;23;0
857;30;Male;43;5;7;3;Basic;Quarterly;320;13;0
858;20;Male;57;7;;14;Standard;Annual;730;13;1
859;52;Male;27;9;1;27;Premium;Quarterly;430;27;1
860;59;Male;51;1;7;4;Premium;Quarterly;860;18;1
861;68;Female;45;28;0;27;Premium;Monthly;340;9;1
862;66;;35;9;4;12;Premium;Monthly;550;1;1
863;24;;11;24;0;17;Standard;Monthly;750;24;1
864;58;Male;35;27;5;13;Standard;Monthly;280;19;1
865;61;Female;55;24;9;9;Premium;Quarterly;800;19;0
866;54;Female;;25;7;3;Premium;Annual;630;9;1
867;60;Female;28;3;3;17;Standard;Quarterly;690;6;0
868;61;Male;16;11;5;27;Basic;Quarterly;510;15;1
869;41;Male;46;22;4;15;Premium;Annual;960;22;0
870;20;Female;5;17;8;17;Basic;Annual;810;9;0
871;41;Male;10;1;3;19;Standard;Quarterly;270;16;0
872;28;Male;35;17;1;11;Standard;Annual;610;29;1
873;23;Female;;24;6;3;Premium;Monthly;930;7;1
874;24;Female;21;25;9;15;Basic;Quarterly;350;7;0
875;54;Female;28;12;5;26;Standard;Quarterly;590;7;1
876;44;Female;20;7;2;9;Standard;Annual;790;27;0
877;46;Male;27;9;0;26;Basic;Quarterly;350;16;1
878;56;Male;1;9;;25;Basic;Annual;570;27;0
879;46;Male;37;11;9;7;Standard;Monthly;600;28;0
880;50;Female;37;9;1;17;Premium;Monthly;260;13;1
881;22;Male;20;14;0;22;Standard;Annual;260;2;1
882;62;Female;17;2;1;14;Premium;Annual;610;9;1
883;41;Male;47;8;4;20;Premium;Annual;260;16;1
884;26;Female;12;10;9;27;Premium;Monthly;970;12;1
885;60;Male;3;5;1;18;Premium;Monthly;580;1;0
886;56;Male;3;26;9;25;Premium;Monthly;740;29;0
887;20;Male;54;20;0;24;Premium;Quarterly;460;9;1
888;28;Male;23;27;8;24;Basic;Quarterly;370;18;0
889;18;Female;7;17;3;25;Premium;Annual;540;28;1
890;32;Male;54;4;;6;Basic;Annual;750;16;0
891;23;Male;10;27;5;0;Premium;Annual;460;21;1
892;54;Female;21;14;3;4;Standard;Monthly;350;2;0
893;45;Female;2;20;2;7;Premium;Monthly;230;21;1
894;68;Male;42;12;9;20;Standard;Quarterly;590;25;1
895;56;Male;43;15;4;15;Standard;Quarterly;720;27;0
896;49;Male;47;15;4;14;Standard;Annual;580;3;0
897;44;Female;17;9;8;0;Standard;Monthly;330;7;0
898;20;Male;21;17;6;20;Standard;Monthly;320;2;0
899;21;Male;58;22;7;10;Standard;Monthly;440;27;0
900;50;Male;51;1;5;22;Standard;Annual;420;8;1
901;18;Female;3;4;0;3;Standard;Annual;280;16;0
902;20;Male;43;25;0;8;Basic;Annual;960;14;0
903;29;Female;50;17;0;1;Standard;Quarterly;400;20;1
904;63;Male;35;29;6;8;Basic;Monthly;330;26;0
905;41;Female;40;18;6;27;Basic;Annual;650;10;0
906;54;Male;1;19;8;14;Standard;Monthly;830;23;1
907;39;Male;2;27;10;13;Basic;Monthly;520;9;1
908;27;Male;3;20;2;8;Standard;Annual;710;6;1
909;37;Female;10;10;;7;Premium;Quarterly;180;4;0
910;22;Female;;16;;20;Premium;Monthly;590;11;1
911;58;Male;39;7;7;29;Basic;Quarterly;160;17;1
912;27;Male;48;10;6;22;Standard;Monthly;220;23;1
913;37;Female;19;20;2;22;Standard;Monthly;640;25;1
914;68;Male;58;5;2;14;Premium;Annual;280;16;0
915;48;Male;13;20;0;2;Standard;Monthly;130;12;1
916;41;Male;56;17;7;21;Premium;Annual;260;6;1
917;46;Female;2;9;5;24;Premium;Quarterly;810;27;1
918;58;Female;2;2;2;15;Basic;Quarterly;630;12;1
919;31;Female;5;21;1;2;Standard;Annual;450;23;1
920;51;Female;49;24;0;21;Standard;Quarterly;990;19;0
921;63;Male;16;22;7;27;Standard;Monthly;450;28;1
922;47;Male;28;13;8;6;Standard;Annual;900;29;1
923;41;Male;29;19;7;4;Basic;Quarterly;410;21;1
924;25;Male;49;13;1;22;Standard;Quarterly;120;20;1
925;30;Male;22;11;0;9;Premium;Quarterly;200;4;0
926;67;Male;1;10;1;21;Basic;Quarterly;350;1;0
927;46;Male;24;7;9;21;Standard;Quarterly;270;16;0
928;33;Female;18;29;8;7;Premium;Annual;240;21;1
929;39;Male;45;20;3;1;Standard;Monthly;450;22;1
930;48;Male;46;6;0;16;Premium;Quarterly;990;8;1
931;45;Female;6;26;3;12;Standard;Quarterly;280;15;1
932;54;Female;49;5;9;25;Basic;Quarterly;310;26;1
933;31;Female;5;18;1;10;Premium;Monthly;;3;0
934;51;Female;38;5;9;7;Basic;Quarterly;280;12;1
935;41;Female;24;11;5;25;Basic;Monthly;860;28;1
936;66;Male;19;20;1;22;Basic;Quarterly;670;6;1
937;26;Male;30;29;;18;Premium;Annual;950;10;1
938;25;Female;19;29;6;28;Premium;Quarterly;610;14;1
939;42;Male;49;26;8;23;Basic;Annual;640;20;0
940;44;Male;59;7;1;25;Standard;Quarterly;300;8;1
941;53;Male;50;3;4;23;Standard;Monthly;620;23;1
942;39;Male;27;27;7;12;Basic;Quarterly;710;7;1
943;65;Male;31;27;7;1;Premium;Monthly;1000;11;0
944;42;Male;28;9;0;18;Premium;Annual;180;17;0
945;24;Female;49;1;7;22;Standard;Annual;240;1;0
946;24;Female;34;19;;29;Standard;Quarterly;110;23;1
947;68;Male;29;3;9;20;Premium;Annual;820;20;0
948;24;Female;25;2;2;17;Standard;Monthly;170;25;0
949;67;Male;23;28;10;17;Standard;Monthly;940;8;1
950;32;Female;34;15;8;3;Standard;Monthly;430;12;0
951;22;Female;43;4;0;0;Standard;Quarterly;360;27;1
952;33;Male;27;19;1;1;Standard;Monthly;990;2;0
953;49;Female;50;11;;27;Basic;Quarterly;760;15;0
954;40;Female;51;16;2;23;Standard;Annual;600;15;1
955;58;Female;27;27;1;7;Standard;Quarterly;910;13;1
956;49;Female;56;7;5;12;Basic;Quarterly;790;13;1
957;38;Female;11;19;6;14;Standard;Monthly;680;22;1
958;51;Male;57;25;6;7;Standard;Monthly;390;6;0
959;68;Female;18;13;7;12;Standard;Annual;1000;26;1
960;39;Female;35;29;;10;Premium;Annual;760;26;0
961;25;Female;18;14;9;20;Standard;Monthly;960;6;1
962;39;Male;27;14;0;22;Standard;Monthly;980;29;0
963;61;Female;21;26;1;2;Basic;Annual;600;8;1
964;29;Male;44;19;0;13;Premium;Monthly;420;2;0
965;67;Female;5;26;4;29;Basic;Quarterly;970;12;0
966;48;Male;52;23;4;26;Standard;Annual;;24;0
967;49;Female;56;21;;23;Basic;Annual;210;25;1
968;34;Female;35;8;4;22;Premium;Quarterly;680;19;0
969;65;Male;34;12;0;0;Standard;Quarterly;650;24;1
970;19;Male;43;26;10;29;Basic;Annual;780;8;0
971;33;Male;13;18;3;22;Basic;Annual;990;26;1
972;39;Female;46;9;10;26;Premium;Annual;330;19;0
973;42;Female;14;10;9;27;Standard;Quarterly;990;4;1
974;42;Male;42;23;10;7;Basic;Annual;690;4;0
975;25;Male;19;6;9;0;Premium;Annual;170;8;0
976;29;Male;46;4;1;19;Basic;Monthly;570;3;0
977;22;Male;49;23;7;13;Standard;Monthly;220;9;0
978;47;Female;13;9;4;0;Basic;Annual;970;29;1
979;36;Female;38;23;7;8;Basic;Monthly;800;7;0
980;47;Male;31;16;8;29;Basic;Annual;930;19;1
981;48;Female;18;29;6;10;Basic;Quarterly;650;29;1
982;54;Male;36;16;3;7;Premium;Monthly;460;8;0
983;46;Female;;26;10;19;Standard;Quarterly;490;21;1
984;51;Male;1;25;7;19;Premium;Annual;970;14;0
985;48;Female;59;7;10;9;Basic;Annual;230;9;0
986;51;Female;53;29;2;25;Premium;Quarterly;910;28;0
987;50;Male;33;22;10;17;Basic;Monthly;480;20;0
988;34;Female;38;4;3;4;Basic;Annual;640;13;0
989;30;Female;23;1;5;9;Basic;Annual;710;24;1
990;58;Male;8;8;10;25;Premium;Quarterly;170;27;1
991;35;Male;35;1;4;2;Premium;Quarterly;230;23;1
992;46;Female;50;11;3;0;Premium;Quarterly;240;26;0
993;28;Male;15;29;10;19;Premium;Monthly;810;10;1
994;40;Male;44;14;;13;Basic;Monthly;170;10;0
995;45;Male;46;1;3;7;Premium;Monthly;660;7;0
996;50;Female;47;15;3;14;Standard;Annual;190;21;1
997;45;Male;21;7;2;5;Standard;Monthly;800;24;0
998;36;Male;24;25;0;11;Standard;Quarterly;990;20;0
999;68;Female;26;3;6;7;Standard;Quarterly;480;18;1
1000;44;Male;53;23;3;17;Basic;Monthly;290;23;1
1001;60;Female;55;13;10;20;Basic;Annual;500;6;1
1002;56;Male;26;1;2;27;Standard;Monthly;730;11;0
1003;47;Female;60;20;7;2;Standard;Annual;760;21;0
1004;64;Female;35;14;6;9;Premium;Annual;680;2;1
1005;24;Male;24;23;7;7;Standard;Annual;630;27;0
1006;65;Female;1;18;1;17;Basic;Monthly;680;5;0
1007;62;Male;38;23;5;15;Standard;Annual;290;23;0
1008;44;Male;40;14;7;26;Standard;Quarterly;290;18;1
1009;56;Male;60;1;4;27;Premium;Quarterly;950;25;1
1010;45;Female;44;4;10;23;Standard;Annual;630;23;1
1011;31;Male;2;14;6;5;Standard;Quarterly;890;15;1
1012;59;Male;35;12;4;1;Premium;Monthly;670;22;0
1013;30;Male;46;24;0;26;Standard;Monthly;510;11;1
1014;34;Male;31;12;2;28;Premium;Quarterly;620;17;0
1015;45;Male;27;25;5;7;Premium;Quarterly;730;27;0
1016;61;Male;50;6;4;1;Premium;Monthly;270;3;0
1017;37;Male;38;12;10;20;Premium;Monthly;520;11;1
1018;43;Male;42;22;9;17;Standard;Annual;760;1;1
1019;20;Female;29;4;1;26;Basic;Quarterly;180;16;1
1020;24;Male;17;10;7;17;Standard;Annual;160;23;0
1021;20;Female;32;22;5;22;Basic;Monthly;240;2;0
1022;21;Male;59;18;1;23;Standard;Monthly;640;16;0
1023;63;Male;37;23;7;0;Premium;Monthly;310;13;0
1024;61;Male;44;15;6;4;Standard;Quarterly;500;23;0
1025;60;Male;8;25;1;23;Basic;Annual;220;7;1
1026;20;Male;;26;5;5;Basic;Quarterly;330;5;1
1027;22;Female;15;29;8;6;Premium;Monthly;110;3;1
1028;32;Male;60;4;3;22;Premium;Annual;840;12;1
1029;47;Male;28;18;4;6;Standard;Quarterly;520;15;0
1030;35;Female;57;4;1;4;Premium;Quarterly;260;27;1
1031;43;Male;55;7;2;0;Premium;Monthly;580;14;0
1032;26;Male;47;9;;14;Standard;Quarterly;950;5;1
1033;56;Male;56;19;7;19;Basic;Quarterly;850;21;1
1034;34;Male;38;13;2;21;Premium;Annual;910;2;0
1035;21;Male;52;26;5;27;Standard;Monthly;470;11;0
1036;56;Female;11;9;2;19;Premium;Monthly;430;19;1
1037;64;Female;5;18;5;22;Premium;Annual;390;8;1
1038;18;Male;34;23;1;6;Standard;Quarterly;380;18;1
1039;40;Female;50;29;7;10;Standard;Monthly;940;14;1
1040;61;Female;47;8;6;9;Basic;Monthly;220;28;1
1041;54;Male;33;22;7;1;Premium;Quarterly;880;9;0
1042;62;Female;32;3;5;29;Basic;Quarterly;940;27;1
1043;39;Female;38;16;3;7;Standard;Monthly;870;19;1
1044;37;Female;53;13;2;13;Standard;Quarterly;670;22;0
1045;54;Female;52;28;2;10;Basic;Annual;880;5;0
1046;25;Male;7;23;5;1;Standard;Annual;120;1;1
1047;30;Male;37;27;5;27;Premium;Quarterly;850;22;1
1048;49;Male;24;25;8;6;Basic;Quarterly;570;14;0
1049;52;Male;49;12;0;3;Basic;Quarterly;980;9;1
1050;24;Male;31;22;3;10;Basic;Monthly;170;26;1
1051;44;Female;;1;10;4;Basic;Monthly;950;10;1
1052;36;Male;27;17;10;29;Basic;Annual;620;13;0
1053;44;Male;42;2;;5;Standard;Monthly;190;22;0
1054;67;Female;7;22;3;9;Premium;Annual;560;28;0
1055;21;Male;57;29;1;8;Premium;Monthly;130;27;1
1056;69;Male;10;20;2;0;Premium;Annual;170;19;1
1057;41;Female;24;25;1;0;Premium;Annual;580;4;0
1058;58;Male;52;7;;15;Standard;Annual;850;4;1
1059;40;Male;60;29;10;6;Premium;Annual;190;21;0
1060;34;Male;30;16;9;2;Basic;Monthly;340;15;1
1061;58;Female;30;20;8;8;Premium;Quarterly;460;4;0
1062;53;Male;3;23;4;8;Basic;Quarterly;590;21;1
1063;25;Male;60;19;5;12;Premium;Quarterly;100;28;1
1064;54;Male;2;10;10;29;Basic;Monthly;680;2;1
1065;57;Male;2;18;9;9;Basic;Annual;550;24;0
1066;38;Female;29;19;6;21;Standard;Monthly;980;10;0
1067;66;Male;1;25;10;23;Premium;Annual;370;12;0
1068;51;Female;11;14;4;1;Basic;Annual;550;21;1
1069;35;Male;39;15;4;15;Basic;Monthly;170;8;0
1070;18;Male;44;15;10;13;Standard;Annual;940;5;1
1071;53;Female;19;4;4;15;Premium;Quarterly;860;28;1
1072;28;Male;49;3;9;5;Premium;Monthly;420;11;0
1073;57;Male;38;1;5;13;Standard;Annual;520;5;0
1074;45;Female;14;20;3;3;Standard;Monthly;880;21;0
1075;42;Male;44;13;2;28;Standard;Monthly;370;7;1
1076;26;Male;37;26;7;17;Premium;Annual;310;23;1
1077;54;Female;50;21;5;1;Basic;Annual;320;3;0
1078;26;Male;10;5;4;15;Basic;Monthly;750;16;1
1079;39;Male;15;3;8;27;Basic;Monthly;290;12;0
1080;61;Male;19;11;0;22;Basic;Monthly;180;28;0
1081;65;Male;21;27;1;8;Standard;Monthly;250;16;1
1082;69;Male;55;2;;26;Premium;Monthly;1000;27;1
1083;67;Female;45;6;7;5;Standard;Quarterly;900;8;0
1084;46;Male;34;1;6;7;Standard;Monthly;970;14;1
1085;28;Female;33;12;0;4;Basic;Monthly;350;24;1
1086;61;Male;55;29;7;27;Standard;Monthly;500;5;1
1087;59;Male;28;20;5;21;Basic;Annual;550;27;1
1088;69;Male;14;15;7;15;Premium;Annual;580;23;0
1089;51;Female;9;5;0;20;Standard;Annual;120;20;0
1090;25;Male;21;11;6;7;Standard;Quarterly;640;8;1
1091;44;Male;40;16;6;2;Premium;Quarterly;130;24;1
1092;41;Female;29;8;3;25;Basic;Quarterly;350;25;0
1093;61;Female;26;21;0;28;Standard;Annual;360;9;0
1094;38;Male;30;29;;1;Standard;Annual;720;18;0
1095;35;Female;60;6;8;1;Basic;Annual;920;2;1
1096;22;Male;;8;7;16;Basic;Quarterly;740;12;0
1097;61;Male;10;4;9;1;Basic;Annual;500;5;0
1098;57;Male;7;22;8;21;Basic;Annual;580;17;0
1099;20;Male;15;14;1;28;Premium;Annual;570;16;1
1100;40;Male;52;9;5;8;Basic;Quarterly;230;16;1
1101;42;Female;29;7;10;8;Basic;Quarterly;980;20;0
1102;42;Male;53;3;3;25;Premium;Quarterly;940;27;0
1103;65;Female;40;14;;10;Standard;Quarterly;320;6;0
1104;25;Female;34;20;0;7;Premium;Quarterly;200;7;1
1105;33;Female;18;7;3;2;Premium;Monthly;250;7;1
1106;27;Female;21;1;4;25;Basic;Annual;670;27;1
1107;30;Female;10;14;7;27;Standard;Quarterly;120;3;1
1108;65;;32;20;2;2;Basic;Annual;190;1;0
1109;66;Male;18;11;2;24;Standard;Monthly;690;5;0
1110;20;Male;18;8;7;4;Premium;Annual;230;23;0
1111;50;Male;3;5;3;4;Premium;Annual;160;17;1
1112;30;Male;49;22;10;11;Premium;Monthly;110;27;0
1113;28;Male;58;25;10;13;Basic;Quarterly;740;6;1
1114;33;Female;31;23;3;25;Basic;Annual;430;12;0
1115;28;Male;33;16;6;20;Standard;Annual;360;17;1
1116;43;Female;57;21;3;4;Basic;Annual;680;3;0
1117;69;Male;32;12;4;17;Standard;Quarterly;250;27;0
1118;48;Male;38;1;8;26;Premium;Monthly;570;24;1
1119;55;Male;27;11;3;19;Basic;Annual;540;5;0
1120;43;Male;32;21;1;6;Premium;Annual;720;25;0
1121;18;Male;32;19;3;3;Premium;Annual;670;14;0
1122;22;Male;44;29;;13;Premium;Monthly;720;10;1
1123;31;Male;37;29;3;14;Basic;Quarterly;290;28;0
1124;30;Male;31;8;4;10;Basic;Monthly;220;16;1
1125;61;Male;5;1;7;3;Basic;Annual;590;7;1
1126;61;Male;56;8;1;3;Basic;Annual;150;24;1
1127;62;Male;55;26;3;15;Basic;Monthly;510;21;0
1128;51;Male;12;24;2;28;Standard;Monthly;670;6;1
1129;46;Male;18;3;;17;Basic;Quarterly;850;20;0
1130;51;Male;60;5;;13;Basic;Quarterly;700;19;1
1131;39;Male;20;17;9;27;Premium;Quarterly;;8;1
1132;52;Female;50;20;2;20;Premium;Quarterly;610;13;0
1133;59;;48;29;7;21;Premium;Annual;510;25;0
1134;57;Female;53;22;7;17;Basic;Annual;320;6;1
1135;49;Male;1;7;10;22;Standard;Annual;710;21;1
1136;21;Male;30;2;1;15;Standard;Quarterly;840;25;1
1137;55;Male;35;19;8;18;Basic;Annual;390;28;1
1138;37;Female;52;17;2;18;Premium;Annual;160;10;1
1139;56;Female;14;27;6;22;Standard;Monthly;100;8;1
1140;46;Female;19;17;10;26;Premium;Annual;680;28;1
1141;63;Female;11;15;0;8;Basic;Quarterly;700;14;0
1142;35;Male;47;9;1;20;Standard;Quarterly;210;17;1
1143;66;Female;;3;9;0;Basic;Annual;120;15;1
1144;61;Female;9;26;0;15;Premium;Annual;700;15;0
1145;35;Male;15;24;8;26;Standard;Annual;460;19;0
1146;43;Female;19;5;6;19;Basic;Annual;480;13;0
1147;45;Male;55;21;4;8;Basic;Quarterly;340;12;0
1148;57;;28;11;10;18;Standard;Quarterly;760;12;1
1149;53;Female;18;13;10;10;Basic;Quarterly;780;20;0
1150;62;Male;20;25;3;12;Basic;Annual;140;24;1
1151;37;Female;37;25;0;6;Premium;Monthly;180;17;0
1152;44;Male;24;6;1;18;Premium;Quarterly;610;20;1
1153;40;Female;9;9;1;5;Standard;Annual;650;12;1
1154;65;Female;51;24;;13;Premium;Monthly;230;23;1
1155;33;Female;26;27;7;28;Standard;Quarterly;240;12;1
1156;48;Female;16;3;8;22;Basic;Monthly;720;13;0
1157;24;Male;45;25;2;12;Premium;Monthly;510;2;1
1158;62;Male;46;15;10;29;Basic;Quarterly;210;8;1
1159;37;Male;10;18;8;0;Premium;Monthly;660;22;0
1160;35;Male;5;3;9;28;Standard;Monthly;160;3;1
1161;48;Male;3;20;5;10;Basic;Quarterly;310;7;0
1162;43;Male;47;20;8;24;Basic;Quarterly;750;23;1
1163;62;Male;39;20;6;28;Premium;Monthly;300;26;0
1164;45;Male;49;23;4;18;Premium;Quarterly;150;13;1
1165;44;Female;39;28;7;18;Standard;Monthly;980;12;0
1166;23;Male;25;25;3;22;Basic;Quarterly;300;15;0
1167;19;Female;36;22;;7;Premium;Monthly;570;23;1
1168;38;Male;45;29;8;5;Premium;Monthly;850;14;1
1169;69;Male;25;20;8;10;Standard;Quarterly;;6;0
1170;65;Male;56;20;8;14;Standard;Annual;840;13;1
1171;50;Male;55;16;5;22;Premium;Quarterly;410;8;1
1172;50;Male;49;23;;7;Standard;Quarterly;880;20;1
1173;38;Male;;3;2;16;Basic;Quarterly;110;5;0
1174;27;Male;24;15;6;0;Basic;Monthly;400;18;1
1175;18;Male;7;13;0;0;Standard;Monthly;280;4;1
1176;35;Female;30;27;3;29;Premium;Quarterly;580;29;0
1177;34;Male;46;3;6;25;Premium;Quarterly;920;19;0
1178;27;Female;48;19;5;25;Standard;Quarterly;810;5;1
1179;31;Male;24;6;;9;Basic;Annual;;28;0
1180;19;Female;18;26;7;15;Standard;Quarterly;220;17;0
1181;49;Female;28;25;4;20;Basic;Monthly;790;18;0
1182;66;Female;50;7;5;7;Standard;Quarterly;760;2;1
1183;53;Female;4;26;7;22;Standard;Quarterly;510;6;1
1184;41;Male;21;15;9;20;Premium;Monthly;180;24;1
1185;39;Male;15;29;3;12;Premium;Quarterly;190;14;1
1186;33;Male;50;22;7;13;Premium;Annual;940;18;0
1187;25;Female;29;1;6;9;Basic;Quarterly;370;29;0
1188;49;Female;6;6;0;24;Premium;Quarterly;680;13;0
1189;47;Male;16;12;10;29;Basic;Monthly;960;12;0
1190;18;Female;3;7;6;29;Standard;Monthly;550;24;0
1191;39;Male;30;4;2;23;Premium;Monthly;290;2;1
1192;32;Female;;29;7;10;Premium;Annual;540;14;0
1193;26;Female;35;26;8;23;Standard;Annual;310;25;0
1194;54;Male;54;13;10;7;Basic;Quarterly;260;7;0
1195;45;Female;46;7;0;26;Standard;Annual;840;9;0
1196;50;Female;54;6;4;8;Premium;Quarterly;410;14;0
1197;55;Male;19;27;2;12;Standard;Quarterly;730;3;0
1198;69;Male;59;10;6;2;Standard;Quarterly;760;3;0
1199;59;Male;15;1;6;2;Standard;Monthly;600;8;1
1200;50;Female;27;12;5;11;Standard;Quarterly;590;27;1
1201;63;Male;42;14;;16;Basic;Annual;260;7;1
1202;42;Female;18;19;6;0;Premium;Quarterly;580;22;1
1203;69;Female;17;10;4;25;Basic;Annual;790;13;1
1204;57;Male;8;27;0;3;Premium;Monthly;270;23;1
1205;51;Male;1;19;3;29;Basic;Monthly;310;10;1
1206;64;Female;31;29;10;8;Standard;Monthly;730;26;1
1207;44;Female;;11;5;11;Standard;Quarterly;1000;11;0
1208;55;Male;14;19;10;4;Standard;Annual;460;23;0
1209;32;Male;27;11;6;24;Standard;Quarterly;860;25;0
1210;68;Male;58;21;6;21;Premium;Quarterly;260;13;0
1211;50;;48;22;5;2;Basic;Quarterly;620;20;1
1212;58;Male;1;10;6;3;Premium;Quarterly;960;4;0
1213;41;Female;31;28;0;18;Premium;Annual;500;15;1
1214;63;Male;9;25;0;25;Premium;Monthly;560;11;1
1215;21;Female;16;26;5;3;Basic;Monthly;240;28;1
1216;23;Male;16;7;7;6;Basic;Annual;580;28;0
1217;44;Male;38;21;6;16;Standard;Quarterly;630;23;0
1218;56;Female;13;4;5;3;Basic;Monthly;1000;28;0
1219;60;Female;16;4;3;9;Premium;Annual;280;29;1
1220;40;Male;14;29;8;0;Premium;Monthly;430;23;1
1221;51;Male;22;5;7;14;Standard;Monthly;690;18;1
1222;46;Male;41;26;0;21;Premium;Monthly;960;6;1
1223;67;Male;25;13;5;12;Basic;Monthly;310;24;1
1224;52;Male;20;9;8;7;Premium;Annual;730;6;1
1225;39;Female;32;3;9;12;Basic;Annual;900;6;0
1226;68;Male;38;20;3;15;Premium;Quarterly;680;26;0
1227;23;Female;1;21;;4;Standard;Annual;490;4;0
1228;69;Male;55;14;7;3;Standard;Monthly;310;5;1
1229;26;Male;56;24;5;5;Basic;Quarterly;360;15;1
1230;32;Female;37;10;7;29;Standard;Monthly;140;17;1
1231;60;Male;36;16;10;21;Premium;Annual;230;2;1
1232;56;Female;43;9;2;3;Premium;Quarterly;500;11;1
1233;68;Male;27;17;1;9;Standard;Annual;220;7;0
1234;56;Female;23;4;5;12;Basic;Quarterly;100;9;0
1235;51;Female;22;14;1;5;Standard;Quarterly;730;6;1
1236;36;Female;10;16;10;25;Premium;Annual;160;20;1
1237;18;Male;52;17;;28;Basic;Annual;220;14;1
1238;24;Male;20;13;7;7;Premium;Monthly;640;28;0
1239;33;Male;18;19;;0;Premium;Annual;940;1;1
1240;20;Male;59;15;0;8;Premium;Annual;760;23;1
1241;44;Male;31;9;7;17;Standard;Monthly;120;27;1
1242;58;Male;38;7;5;24;Basic;Annual;250;15;0
1243;68;Male;15;19;3;10;Basic;Monthly;780;21;1
1244;43;Male;17;28;3;8;Premium;Quarterly;770;13;1
1245;63;Male;45;22;6;7;Standard;Monthly;450;18;1
1246;69;Male;28;19;7;0;Basic;Monthly;970;27;1
1247;62;Male;10;27;1;0;Premium;Quarterly;910;16;1
1248;42;Female;51;27;7;12;Basic;Annual;780;17;1
1249;34;Male;25;15;;18;Premium;Annual;780;29;1
1250;68;Male;41;4;0;0;Standard;Quarterly;820;15;0
1251;30;Male;21;19;10;6;Standard;Annual;230;6;0
1252;39;Female;35;19;7;27;Basic;Monthly;740;20;0
1253;21;Male;48;9;4;29;Basic;Annual;960;21;1
1254;59;Female;54;25;8;19;Premium;Monthly;300;7;0
1255;51;Female;13;26;7;15;Standard;Quarterly;110;22;0
1256;22;Male;42;10;9;17;Premium;Annual;430;2;1
1257;29;Female;56;14;0;11;Premium;Monthly;340;10;1
1258;46;Female;40;6;0;6;Basic;Quarterly;970;25;0
1259;46;Male;9;6;7;11;Standard;Annual;510;18;0
1260;59;Male;12;8;3;20;Premium;Annual;700;18;1
1261;31;Female;13;11;2;19;Standard;Monthly;1000;19;0
1262;66;Female;7;8;5;20;Standard;Quarterly;820;5;1
1263;41;Male;46;5;8;18;Standard;Monthly;780;28;1
1264;60;Male;59;13;2;1;Premium;Quarterly;990;9;0
1265;30;Female;32;19;;18;Premium;Quarterly;730;23;1
1266;19;Male;37;10;5;26;Premium;Monthly;310;29;0
1267;20;Female;48;16;1;19;Standard;Annual;760;7;1
1268;37;Male;26;8;0;17;Standard;Quarterly;390;19;0
1269;67;Female;29;21;10;6;Standard;Quarterly;400;2;0
1270;20;Female;36;19;1;23;Basic;Monthly;690;19;0
1271;37;Female;19;28;5;13;Premium;Monthly;390;13;1
1272;23;Female;4;2;8;7;Basic;Quarterly;120;3;0
1273;66;Female;35;25;6;14;Premium;Quarterly;;20;0
1274;53;Female;51;10;3;3;Standard;Monthly;620;29;0
1275;57;Female;5;2;1;27;Premium;Annual;710;3;1
1276;55;Male;14;21;8;21;Premium;Quarterly;840;26;0
1277;52;Female;17;5;5;9;Standard;Monthly;680;25;1
1278;58;Male;50;6;0;23;Standard;Quarterly;660;16;1
1279;18;Female;31;29;2;1;Standard;Monthly;820;27;1
1280;63;Female;33;7;6;11;Standard;Monthly;370;9;1
1281;56;Male;40;16;2;19;Basic;Monthly;860;21;0
1282;56;Male;17;6;4;0;Basic;Monthly;760;21;1
1283;38;Male;44;4;1;21;Premium;Quarterly;260;17;1
1284;59;Female;2;1;9;24;Premium;Annual;230;25;0
1285;37;Male;7;1;7;17;Basic;Monthly;900;26;1
1286;20;Male;50;14;9;6;Basic;Monthly;920;23;0
1287;65;Female;41;13;0;22;Standard;Monthly;;18;1
1288;30;Female;11;2;4;10;Premium;Monthly;190;29;1
1289;23;Male;27;11;3;22;Premium;Monthly;920;17;1
1290;50;Male;4;8;7;18;Premium;Monthly;890;19;0
1291;30;Female;41;17;9;2;Basic;Annual;800;6;1
1292;62;Female;47;29;2;2;Basic;Quarterly;550;10;1
1293;41;Female;17;21;9;0;Standard;Quarterly;560;27;0
1294;18;Male;22;27;6;2;Basic;Annual;490;15;1
1295;67;Male;15;6;9;8;Standard;Monthly;120;15;1
1296;44;Male;24;7;0;0;Standard;Monthly;560;24;1
1297;31;Female;17;22;;28;Premium;Quarterly;310;10;1
1298;53;Male;16;9;5;27;Basic;Quarterly;280;8;0
1299;45;Male;27;25;3;5;Premium;Monthly;150;1;0
1300;19;Female;53;14;2;9;Premium;Quarterly;520;7;0
1301;57;Female;47;6;;22;Premium;Monthly;140;15;0
1302;38;Female;19;25;10;19;Premium;Monthly;880;22;1
1303;54;Male;58;16;1;17;Premium;Quarterly;910;10;1
1304;64;Male;13;24;5;29;Basic;Annual;830;13;0
1305;49;Male;56;14;8;18;Standard;Annual;370;7;1
1306;52;Male;19;4;7;20;Standard;Annual;250;24;0
1307;31;Male;33;20;2;15;Premium;Quarterly;560;16;0
1308;30;Male;13;4;4;15;Basic;Monthly;710;5;1
1309;39;Female;47;20;4;8;Standard;Monthly;110;18;1
1310;62;Female;20;13;3;15;Basic;Quarterly;880;10;0
1311;45;;54;23;;27;Basic;Monthly;500;26;1
1312;36;Male;6;26;2;11;Premium;Monthly;850;8;1
1313;58;Male;31;12;8;3;Basic;Monthly;170;26;0
1314;62;Male;10;26;10;17;Premium;Monthly;490;21;1
1315;64;Male;55;4;9;23;Premium;Quarterly;520;4;1
1316;33;Male;26;4;9;28;Premium;Quarterly;140;23;0
1317;54;Male;42;29;1;16;Basic;Monthly;750;21;1
1318;48;Female;54;17;1;23;Basic;Quarterly;950;14;1
1319;41;Male;33;14;9;7;Standard;Annual;590;5;1
1320;38;Female;4;5;8;12;Standard;Quarterly;460;14;1
1321;23;Male;14;9;8;12;Premium;Monthly;680;18;1
1322;32;Male;13;20;5;9;Standard;Monthly;430;4;0
1323;46;Male;56;24;6;21;Basic;Quarterly;430;10;0
1324;64;Male;56;27;0;26;Premium;Monthly;790;21;0
1325;63;Male;30;12;3;9;Premium;Annual;640;17;0
1326;27;Female;55;14;6;4;Standard;Annual;340;29;0
1327;53;Male;16;5;1;24;Premium;Quarterly;470;7;1
1328;22;Male;42;3;1;25;Premium;Annual;860;23;0
1329;53;Female;24;13;0;28;Standard;Annual;580;13;0
1330;35;Male;15;17;2;7;Basic;Monthly;160;7;1
1331;41;Female;16;4;;21;Standard;Quarterly;880;28;0
1332;55;Male;26;12;8;21;Standard;Quarterly;780;19;1
1333;40;Female;21;19;;23;Premium;Quarterly;340;16;1
1334;59;Male;13;24;3;24;Premium;Quarterly;980;9;0
1335;45;Male;21;28;7;28;Standard;Quarterly;970;26;0
1336;69;Female;8;10;10;14;Standard;Annual;;1;1
1337;51;Female;60;12;4;2;Standard;Monthly;440;4;0
1338;33;Male;24;26;7;5;Standard;Quarterly;940;6;1
1339;58;Female;7;21;8;26;Standard;Monthly;840;19;1
1340;39;Male;36;8;9;25;Standard;Annual;900;3;1
1341;45;Male;54;20;;0;Standard;Monthly;600;24;0
1342;25;Male;22;5;7;11;Premium;Monthly;350;6;1
1343;24;Female;52;14;6;7;Basic;Monthly;300;20;0
1344;47;Male;38;9;10;9;Basic;Quarterly;980;24;1
1345;27;Female;46;29;8;19;Premium;Quarterly;560;26;1
1346;69;Male;19;2;4;15;Premium;Annual;950;9;0
1347;62;Female;3;25;7;14;Standard;Quarterly;610;3;0
1348;54;Female;22;9;6;13;Standard;Monthly;590;22;0
1349;56;Male;57;2;2;19;Standard;Quarterly;160;14;1
1350;48;Male;49;20;6;20;Standard;Monthly;460;28;0
1351;21;Male;48;20;7;1;Basic;Quarterly;610;6;1
1352;38;Female;54;5;10;4;Standard;Annual;200;17;1
1353;43;Male;23;2;6;10;Basic;Monthly;240;4;1
1354;65;Male;20;4;1;13;Basic;Annual;640;15;1
1355;29;Male;57;12;;29;Standard;Monthly;320;1;0
1356;43;Female;35;4;6;26;Premium;Annual;740;22;0
1357;35;Male;19;21;3;19;Basic;Annual;520;18;1
1358;24;Male;17;3;9;1;Premium;Annual;470;3;0
1359;23;Female;54;23;4;3;Standard;Annual;200;15;1
1360;36;Male;4;26;4;13;Premium;Annual;470;13;1
1361;22;Female;4;21;10;17;Standard;Monthly;590;20;0
1362;21;Male;46;28;10;19;Premium;Monthly;620;15;1
1363;36;Male;1;28;6;4;Standard;Quarterly;340;14;0
1364;28;Female;11;2;4;26;Premium;Quarterly;120;25;1
1365;46;Female;;10;10;14;Standard;Quarterly;960;16;1
1366;18;Female;26;23;2;17;Standard;Annual;980;24;1
1367;33;Male;45;10;8;1;Standard;Monthly;930;26;1
1368;41;Male;30;22;7;24;Premium;Annual;360;25;0
1369;68;Male;6;23;10;16;Premium;Quarterly;650;28;1
1370;50;Male;12;29;5;6;Basic;Monthly;220;21;0
1371;63;Male;47;10;9;9;Premium;Annual;930;17;1
1372;35;Male;6;11;0;10;Premium;Monthly;100;16;0
1373;41;Male;37;1;9;0;Premium;Quarterly;530;6;0
1374;39;Male;22;9;0;28;Standard;Annual;880;25;0
1375;64;Male;23;9;7;24;Standard;Annual;760;21;0
1376;67;Male;59;14;2;26;Premium;Monthly;890;26;0
1377;68;Female;37;13;;10;Standard;Monthly;550;21;0
1378;57;Female;38;25;9;16;Standard;Monthly;180;14;1
1379;44;Male;22;23;1;13;Standard;Monthly;100;9;1
1380;46;Female;24;22;10;14;Standard;Annual;240;29;0
1381;68;Female;42;1;3;17;Basic;Annual;150;22;1
1382;32;Male;3;14;6;13;Basic;Quarterly;510;26;0
1383;36;Male;15;22;1;23;Basic;Quarterly;140;17;1
1384;64;Male;37;8;1;1;Standard;Monthly;270;15;0
1385;38;Male;39;13;2;5;Standard;Monthly;480;1;1
1386;30;Female;6;22;6;26;Standard;Monthly;770;3;0
1387;47;Female;49;24;6;26;Premium;Annual;720;21;0
1388;34;Male;34;25;10;24;Basic;Monthly;150;7;1
1389;64;Female;15;13;1;11;Standard;Monthly;930;3;1
1390;65;Male;46;12;8;13;Basic;Annual;600;23;1
1391;33;Female;;12;0;0;Basic;Quarterly;420;18;0
1392;45;Female;26;20;3;8;Standard;Quarterly;450;4;1
1393;69;Male;18;13;2;21;Basic;Monthly;880;15;1
1394;56;Male;19;12;1;10;Basic;Monthly;520;14;0
1395;29;Female;37;5;7;14;Premium;Quarterly;320;1;0
1396;48;;3;14;10;3;Premium;Quarterly;490;18;0
1397;50;Male;30;7;8;14;Basic;Quarterly;160;12;0
1398;51;Male;2;16;10;21;Basic;Monthly;240;26;0
1399;19;Male;3;26;7;17;Basic;Monthly;380;4;0
1400;33;Female;27;23;0;16;Standard;Monthly;300;25;1
1401;62;Female;46;14;4;27;Premium;Quarterly;420;1;1
1402;30;Female;54;29;9;7;Basic;Monthly;150;23;1
1403;33;Female;6;29;0;8;Basic;Monthly;660;23;1
1404;34;Female;15;13;1;18;Standard;Quarterly;200;12;0
1405;27;Female;26;23;10;14;Premium;Quarterly;290;9;1
1406;26;Male;36;10;0;29;Standard;Monthly;990;5;1
1407;36;Female;;26;;1;Premium;Annual;100;10;1
1408;63;Male;42;11;9;3;Standard;Quarterly;350;20;0
1409;18;Male;33;8;7;10;Basic;Quarterly;560;22;1
1410;32;Female;4;4;6;13;Standard;Quarterly;380;6;1
1411;21;Female;5;25;1;26;Premium;Monthly;390;1;1
1412;47;Female;10;9;4;14;Standard;Quarterly;210;17;1
1413;31;Male;41;24;9;13;Basic;Quarterly;480;17;1
1414;59;Male;21;3;10;5;Basic;Monthly;790;29;1
1415;48;Male;15;15;5;13;Standard;Quarterly;640;23;1
1416;58;Male;41;13;10;15;Standard;Monthly;950;16;1
1417;51;Male;50;13;9;17;Standard;Quarterly;740;18;1
1418;40;Male;27;5;0;18;Standard;Monthly;820;19;0
1419;62;Male;54;3;7;12;Standard;Monthly;490;14;1
1420;42;Female;45;11;7;4;Standard;Quarterly;660;20;0
1421;67;Male;44;14;6;4;Basic;Quarterly;630;6;0
1422;69;Male;53;24;9;4;Standard;Annual;840;25;0
1423;48;Female;12;14;10;18;Standard;Quarterly;560;25;1
1424;53;Male;47;8;6;25;Premium;Monthly;470;13;0
1425;31;Female;59;8;3;26;Premium;Quarterly;160;14;0
1426;60;Female;;18;;9;Standard;Annual;890;15;0
1427;52;Male;36;13;;2;Basic;Monthly;500;24;1
1428;64;Female;47;27;8;18;Basic;Annual;830;6;1
1429;31;Female;55;13;7;1;Basic;Quarterly;720;10;1
1430;58;Female;52;17;1;18;Basic;Monthly;100;18;0
1431;42;Female;55;2;4;11;Premium;Annual;690;21;0
1432;27;Female;51;6;2;25;Basic;Monthly;540;9;1
1433;26;Female;24;25;6;18;Basic;Quarterly;320;4;0
1434;47;Male;45;10;9;22;Standard;Monthly;340;15;1
1435;34;Female;26;13;2;12;Basic;Quarterly;680;19;1
1436;23;Female;49;18;;25;Premium;Monthly;170;23;1
1437;40;Female;50;2;1;15;Premium;Monthly;650;1;0
1438;51;Female;58;15;1;18;Premium;Quarterly;870;1;0
1439;34;Male;36;11;;10;Standard;Annual;170;12;1
1440;67;Female;29;5;1;13;Standard;Monthly;100;17;0
1441;58;;11;13;8;25;Standard;Quarterly;150;1;1
1442;44;Male;39;13;9;11;Basic;Annual;770;6;1
1443;66;Male;35;6;3;0;Standard;Monthly;870;13;0
1444;40;Male;32;16;0;11;Premium;Quarterly;1000;9;0
1445;25;Male;42;22;3;11;Basic;Annual;120;21;1
1446;19;Female;52;8;0;12;Basic;Annual;540;2;0
1447;66;Male;10;29;8;2;Standard;Monthly;140;26;1
1448;67;Male;27;18;10;3;Standard;Annual;440;5;1
1449;56;Female;45;23;;9;Premium;Annual;380;13;1
1450;23;Female;51;3;9;12;Premium;Quarterly;650;29;0
1451;33;Female;48;23;9;0;Premium;Quarterly;930;20;0
1452;20;Female;49;10;10;11;Standard;Annual;840;29;1
1453;20;Female;53;21;9;9;Premium;Annual;150;1;1
1454;30;Female;59;24;7;1;Basic;Annual;320;21;1
1455;47;Female;38;8;;7;Standard;Annual;350;3;1
1456;21;Male;16;8;3;8;Basic;Quarterly;330;18;1
1457;69;Female;35;2;4;4;Premium;Monthly;420;10;0
1458;41;Male;44;18;10;22;Standard;Monthly;650;23;0
1459;31;Male;7;23;3;2;Standard;Annual;780;4;1
1460;44;Male;47;12;3;17;Basic;Quarterly;960;27;0
1461;59;Female;34;5;1;19;Premium;Monthly;740;14;1
1462;34;Female;58;10;3;24;Standard;Monthly;370;16;0
1463;20;Male;13;12;7;16;Premium;Monthly;260;17;0
1464;20;Female;56;27;10;16;Standard;Quarterly;440;2;0
1465;62;Male;28;4;1;22;Basic;Quarterly;830;10;1
1466;23;Female;35;10;8;25;Standard;Quarterly;;21;1
1467;51;Female;41;19;9;6;Standard;Annual;460;28;0
1468;37;Female;36;7;10;23;Basic;Quarterly;260;29;0
1469;58;Female;56;26;9;13;Basic;Annual;100;16;0
1470;21;Male;11;27;1;2;Premium;Annual;170;8;0
1471;64;Male;45;12;5;18;Standard;Monthly;680;14;1
1472;54;Female;60;22;;29;Standard;Monthly;640;14;0
1473;41;Female;14;22;10;4;Standard;Annual;690;12;0
1474;28;Male;16;20;7;0;Premium;Quarterly;120;11;0
1475;68;Male;29;6;;27;Basic;Annual;500;26;1
1476;33;Male;45;2;8;17;Standard;Quarterly;260;12;1
1477;43;Male;59;11;0;6;Basic;Monthly;400;1;1
1478;38;Male;49;4;10;23;Basic;Annual;670;21;1
1479;29;Male;49;9;2;11;Basic;Annual;350;20;1
1480;39;Female;27;19;4;9;Standard;Quarterly;700;11;1
1481;25;Male;40;18;2;8;Standard;Quarterly;360;19;1
1482;18;Male;13;7;8;17;Standard;Monthly;560;28;1
1483;33;Male;29;1;0;4;Premium;Annual;520;27;0
1484;23;Male;12;7;7;10;Standard;Quarterly;450;23;1
1485;39;Female;2;14;10;9;Standard;Annual;210;17;1
1486;62;Male;53;23;9;1;Premium;Monthly;630;1;1
1487;26;Female;50;11;3;22;Standard;Annual;;15;0
1488;18;Female;32;9;10;0;Premium;Annual;690;24;0
1489;23;Male;1;16;4;28;Basic;Annual;780;25;1
1490;44;Female;6;3;8;2;Premium;Quarterly;830;23;0
1491;32;Female;7;7;6;10;Premium;Annual;130;29;0
1492;43;Male;44;2;0;2;Standard;Quarterly;820;15;0
1493;19;Male;13;16;0;11;Basic;Annual;320;4;1
1494;35;Female;16;13;2;18;Standard;Annual;710;15;1
1495;39;Female;53;17;;2;Premium;Annual;1000;10;1
1496;40;Male;54;18;;15;Standard;Annual;920;25;1
1497;46;Female;47;12;4;23;Basic;Monthly;480;23;1
1498;58;Male;19;26;;13;Basic;Annual;870;13;0
1499;42;Female;36;27;0;3;Standard;Annual;660;12;0
1500;61;Male;13;4;;20;Premium;Quarterly;220;5;0
1501;45;Male;53;27;2;5;Standard;Quarterly;320;2;1
1502;31;Female;6;6;0;0;Premium;Annual;980;10;0
1503;29;Female;46;8;9;13;Premium;Quarterly;940;7;0
1504;34;Female;32;16;4;8;Basic;Quarterly;920;8;1
1505;49;Male;47;1;3;0;Basic;Annual;450;29;1
1506;30;Male;28;11;9;23;Premium;Annual;390;20;0
1507;65;Female;10;6;3;17;Standard;Monthly;840;16;1
1508;42;Female;46;14;9;27;Premium;Annual;110;6;1
1509;62;Male;39;24;2;14;Premium;Monthly;920;25;1
1510;53;Female;29;27;1;13;Standard;Monthly;650;19;1
1511;35;Male;23;7;3;25;Basic;Annual;680;15;0
1512;29;Male;21;16;7;2;Premium;Monthly;500;14;0
1513;56;Male;30;14;2;10;Standard;Monthly;1000;17;0
1514;35;Male;16;13;1;23;Basic;Monthly;780;25;1
1515;30;Male;18;19;8;8;Standard;Quarterly;140;21;1
1516;66;Female;17;29;5;26;Basic;Monthly;580;15;1
1517;43;Male;1;12;5;8;Basic;Monthly;890;20;1
1518;20;Male;57;2;2;12;Standard;Quarterly;170;27;0
1519;43;Male;15;27;0;26;Standard;Monthly;770;10;0
1520;41;Male;11;28;0;7;Standard;Monthly;320;27;0
1521;62;Male;10;10;8;29;Premium;Annual;560;18;0
1522;55;Female;;15;0;1;Standard;Quarterly;910;6;1
1523;27;Male;30;26;2;7;Premium;Monthly;550;29;1
1524;25;Female;20;15;10;17;Premium;Monthly;130;20;0
1525;49;Female;25;14;4;17;Premium;Annual;110;12;1
1526;20;Male;6;27;8;27;Basic;Monthly;770;7;0
1527;34;Female;20;25;4;28;Premium;Monthly;950;27;1
1528;25;Female;16;15;;20;Basic;Quarterly;360;24;0
1529;19;Female;49;5;9;19;Standard;Annual;960;2;1
1530;65;Female;4;13;5;9;Standard;Quarterly;510;19;0
1531;22;Female;26;20;8;24;Basic;Annual;150;4;0
1532;18;Female;49;8;4;19;Basic;Quarterly;580;9;1
1533;66;Female;51;16;;0;Premium;Monthly;990;17;0
1534;27;Male;32;20;4;24;Premium;Annual;330;8;1
1535;60;Female;14;3;10;10;Basic;Annual;980;15;0
1536;19;Female;21;17;7;14;Standard;Annual;690;13;1
1537;25;Female;14;22;7;14;Basic;Monthly;460;17;0
1538;23;Male;41;7;4;24;Premium;Quarterly;730;24;1
1539;54;Male;18;16;9;8;Premium;Quarterly;460;5;1
1540;50;Male;39;21;8;11;Premium;Monthly;170;24;1
1541;42;Male;40;2;9;1;Standard;Annual;900;7;0
1542;30;Male;58;19;9;10;Basic;Monthly;440;1;1
1543;22;Male;23;8;1;2;Basic;Monthly;620;13;0
1544;47;Male;59;12;10;17;Basic;Annual;780;9;1
1545;29;Male;25;19;10;26;Premium;Quarterly;170;6;0
1546;48;Male;42;1;2;13;Basic;Annual;760;13;1
1547;53;Female;41;1;;27;Premium;Quarterly;430;26;1
1548;62;Male;50;13;6;29;Premium;Annual;600;17;0
1549;43;Male;29;28;3;1;Basic;Monthly;520;22;0
1550;18;Male;49;1;2;15;Premium;Annual;810;5;0
1551;32;Male;22;23;4;15;Premium;Monthly;270;3;1
1552;62;Male;30;3;0;11;Standard;Monthly;190;10;0
1553;45;Female;31;15;8;24;Standard;Quarterly;470;23;1
1554;50;Female;43;13;8;11;Basic;Quarterly;200;26;1
1555;41;Male;38;14;8;1;Standard;Monthly;320;3;1
1556;26;Female;5;3;6;16;Premium;Annual;700;14;0
1557;64;Male;50;22;4;6;Standard;Monthly;850;12;0
1558;58;Male;47;8;8;10;Basic;Annual;730;22;0
1559;69;Male;7;23;10;15;Standard;Monthly;390;6;1
1560;62;Male;59;20;1;21;Premium;Monthly;840;15;0
1561;33;Female;41;16;4;8;Basic;Monthly;470;25;0
1562;31;Female;6;9;;11;Premium;Quarterly;260;14;0
1563;30;Female;30;19;10;2;Basic;Quarterly;790;23;1
1564;65;Male;52;29;;11;Basic;Monthly;570;19;1
1565;46;Female;18;27;2;17;Standard;Quarterly;440;18;0
1566;41;Male;57;27;5;18;Standard;Annual;700;8;0
1567;68;Male;26;7;1;8;Premium;Monthly;760;29;0
1568;49;Male;14;17;10;1;Basic;Monthly;300;8;0
1569;65;Female;22;12;6;17;Basic;Quarterly;200;27;1
1570;69;;33;29;2;19;Standard;Annual;570;29;1
1571;22;Male;42;28;1;2;Premium;Monthly;140;15;1
1572;36;Female;57;26;8;15;Premium;Monthly;680;26;1
1573;56;Female;12;5;9;2;Standard;Monthly;500;21;1
1574;60;Female;59;10;10;13;Premium;Quarterly;290;22;0
1575;25;Male;33;21;;19;Premium;Monthly;650;2;1
1576;34;Female;8;22;9;21;Premium;Quarterly;440;4;0
1577;46;Female;57;11;9;21;Premium;Quarterly;450;3;0
1578;59;Female;22;4;9;22;Standard;Monthly;290;1;1
1579;23;Male;38;4;;7;Premium;Annual;720;25;0
1580;49;Female;43;20;5;25;Basic;Annual;930;6;1
1581;33;Male;1;14;9;10;Standard;Annual;660;1;0
1582;29;Female;14;15;9;11;Premium;Annual;310;28;0
1583;44;Male;42;24;1;23;Basic;Monthly;860;9;1
1584;39;Male;20;1;8;9;Standard;Annual;210;24;1
1585;51;Male;1;22;4;2;Premium;Monthly;360;28;1
1586;34;Male;2;8;1;21;Basic;Monthly;130;16;0
1587;60;Male;51;28;2;19;Premium;Quarterly;880;27;0
1588;22;Male;10;28;1;17;Standard;Annual;140;29;1
1589;62;Male;7;15;10;4;Premium;Quarterly;600;5;1
1590;19;Male;35;10;9;18;Standard;Quarterly;270;5;1
1591;56;Female;8;7;1;5;Basic;Quarterly;290;11;1
1592;36;Female;40;6;7;16;Premium;Quarterly;650;17;1
1593;37;Female;34;29;7;15;Basic;Quarterly;830;23;1
1594;18;Male;40;6;6;23;Basic;Quarterly;110;6;0
1595;54;Male;30;13;7;29;Premium;Quarterly;240;6;1
1596;26;Female;48;14;10;5;Premium;Quarterly;360;9;1
1597;52;Male;40;20;6;3;Basic;Monthly;960;8;1
1598;55;Male;26;25;7;16;Standard;Monthly;150;28;0
1599;61;Female;1;17;6;28;Basic;Monthly;260;12;1
1600;54;Female;17;22;4;4;Basic;Quarterly;470;26;0
1601;33;Male;9;17;10;14;Premium;Monthly;390;2;1
1602;56;Female;1;13;4;12;Basic;Monthly;140;3;1
1603;60;Male;17;5;9;9;Standard;Annual;590;24;1
1604;34;Female;13;7;7;19;Premium;Monthly;650;8;0
1605;24;Male;5;13;8;8;Premium;Annual;260;3;0
1606;64;Male;20;2;9;14;Standard;Monthly;730;18;1
1607;25;Female;31;10;8;25;Premium;Annual;150;5;1
1608;48;Male;11;14;6;11;Standard;Monthly;770;2;1
1609;30;Female;17;14;7;0;Basic;Quarterly;330;12;0
1610;24;Male;2;24;6;26;Basic;Annual;300;16;1
1611;58;Female;4;29;4;8;Premium;Monthly;280;16;1
1612;25;Female;10;22;8;23;Premium;Quarterly;890;17;0
1613;52;Male;28;3;10;22;Standard;Annual;560;1;0
1614;54;Female;41;12;8;15;Premium;Monthly;730;9;1
1615;21;Male;49;22;9;2;Premium;Monthly;280;10;0
1616;26;Male;39;18;9;28;Standard;Annual;150;9;1
1617;59;Male;38;14;4;20;Basic;Monthly;130;17;1
1618;44;Female;58;13;0;12;Premium;Annual;500;7;1
1619;24;Female;16;12;4;25;Premium;Annual;400;19;0
1620;69;Female;49;17;9;23;Basic;Annual;800;28;1
1621;31;Female;58;6;9;22;Premium;Annual;820;20;1
1622;18;Female;35;16;6;5;Basic;Annual;380;12;1
1623;66;Male;52;6;9;18;Premium;Quarterly;490;13;1
1624;18;Female;9;20;0;8;Standard;Annual;450;17;1
1625;46;Female;54;26;7;2;Premium;Quarterly;720;21;1
1626;69;Male;35;15;8;10;Premium;Quarterly;670;9;1
1627;48;Female;14;12;6;3;Standard;Monthly;690;2;1
1628;48;Male;4;28;8;3;Basic;Annual;150;21;0
1629;38;Male;44;20;5;21;Premium;Quarterly;410;20;0
1630;24;Male;27;13;6;15;Standard;Annual;980;3;1
1631;47;Male;19;1;7;11;Standard;Quarterly;410;19;0
1632;64;Male;24;1;9;5;Basic;Monthly;260;3;1
1633;22;Female;;7;2;23;Basic;Quarterly;280;19;1
1634;63;Female;27;7;3;19;Standard;Annual;120;22;0
1635;39;Male;5;21;5;17;Standard;Quarterly;810;1;0
1636;45;Male;18;15;2;5;Standard;Annual;100;22;1
1637;26;Male;9;29;4;3;Standard;Monthly;640;4;0
1638;50;Male;42;16;4;3;Premium;Annual;460;8;1
1639;27;Female;49;27;3;0;Premium;Annual;180;21;1
1640;32;Male;52;17;4;29;Standard;Annual;910;11;1
1641;55;Female;39;11;6;11;Premium;Monthly;780;29;1
1642;20;Female;47;21;8;19;Standard;Quarterly;850;28;1
1643;41;Female;26;14;3;29;Standard;Monthly;960;29;0
1644;48;Female;39;8;10;28;Standard;Quarterly;930;4;0
1645;24;Male;7;14;5;9;Premium;Annual;740;6;0
1646;33;Female;33;20;8;14;Basic;Quarterly;590;6;1
1647;35;Female;35;11;1;13;Standard;Annual;740;17;0
1648;52;Female;2;21;2;1;Basic;Annual;510;13;0
1649;68;Female;34;29;5;23;Standard;Annual;260;22;0
1650;61;Female;45;12;4;17;Premium;Annual;450;9;0
1651;27;;23;9;5;11;Standard;Quarterly;520;6;0
1652;18;Male;34;12;1;16;Basic;Annual;140;19;1
1653;20;Female;18;25;5;22;Premium;Monthly;870;18;0
1654;48;Female;17;6;8;0;Premium;Annual;930;21;1
1655;26;Male;8;29;8;19;Standard;Quarterly;480;10;0
1656;30;Female;20;13;2;25;Basic;Annual;550;16;1
1657;62;Male;49;25;4;21;Standard;Quarterly;870;27;0
1658;63;Female;58;23;6;18;Premium;Monthly;510;18;1
1659;61;Male;39;23;6;2;Standard;Annual;730;28;1
1660;31;Male;39;27;9;22;Basic;Annual;570;13;0
1661;50;Female;38;6;4;22;Basic;Monthly;340;2;1
1662;49;Male;30;18;8;14;Premium;Monthly;830;23;0
1663;27;Male;26;3;10;17;Standard;Quarterly;270;14;1
1664;46;Male;38;9;3;18;Premium;Quarterly;300;2;1
1665;45;Male;48;2;9;3;Standard;Quarterly;730;5;0
1666;38;Female;26;20;3;7;Basic;Monthly;750;10;0
1667;57;Female;35;18;4;23;Standard;Quarterly;970;6;0
1668;53;Male;29;22;7;29;Premium;Quarterly;750;20;1
1669;45;Female;18;6;7;8;Standard;Annual;120;18;0
1670;55;Male;18;10;6;12;Standard;Quarterly;880;10;1
1671;57;Female;5;20;2;27;Standard;Quarterly;480;3;0
1672;47;Male;27;24;1;4;Standard;Monthly;100;3;1
1673;31;Male;44;26;10;7;Basic;Quarterly;630;28;0
1674;57;Male;42;3;10;1;Basic;Quarterly;250;11;1
1675;55;Female;;12;10;7;Basic;Monthly;480;4;0
1676;69;Male;3;1;6;19;Premium;Annual;530;21;0
1677;25;Male;47;24;10;10;Standard;Annual;160;26;0
1678;39;Female;49;4;5;29;Premium;Monthly;880;4;1
1679;66;Female;27;24;0;26;Basic;Quarterly;560;28;0
1680;44;Male;18;5;2;26;Basic;Annual;980;22;1
1681;67;Female;22;1;3;21;Premium;Monthly;520;8;1
1682;18;Female;42;26;4;21;Premium;Monthly;640;23;0
1683;19;Male;53;13;;15;Standard;Quarterly;840;13;0
1684;59;Female;40;13;3;29;Basic;Monthly;290;19;0
1685;36;Male;32;19;7;2;Premium;Quarterly;930;4;0
1686;45;Female;40;8;3;21;Basic;Monthly;260;8;1
1687;40;Male;5;21;7;4;Standard;Annual;;23;1
1688;39;Female;38;13;6;10;Standard;Quarterly;680;24;0
1689;66;Male;3;8;1;7;Premium;Monthly;570;1;0
1690;22;Male;59;12;5;18;Basic;Annual;290;7;1
1691;58;Female;55;1;1;23;Basic;Monthly;620;18;0
1692;64;Male;32;9;10;2;Basic;Quarterly;600;27;1
1693;52;Female;23;18;8;18;Basic;Annual;1000;20;1
1694;38;Female;45;4;;6;Standard;Annual;860;21;0
1695;26;Female;39;4;10;2;Premium;Monthly;540;12;1
1696;53;Male;44;20;2;12;Basic;Quarterly;450;2;1
1697;42;Female;32;13;8;17;Standard;Annual;450;23;1
1698;25;Male;15;4;1;6;Basic;Annual;440;24;1
1699;36;Male;5;22;;11;Basic;Monthly;110;13;1
1700;68;Female;18;23;9;28;Premium;Annual;130;15;1
1701;31;Female;33;2;8;10;Basic;Monthly;790;7;1
1702;27;Male;26;6;;29;Standard;Quarterly;330;14;1
1703;53;Male;31;11;10;25;Premium;Monthly;470;8;1
1704;28;Female;17;22;10;11;Premium;Monthly;740;13;1
1705;65;Female;58;3;1;17;Basic;Monthly;650;4;0
1706;62;Male;23;24;0;21;Standard;Monthly;430;18;1
1707;69;Female;52;10;;13;Premium;Annual;790;8;0
1708;65;Male;24;4;3;12;Standard;Quarterly;240;22;0
1709;30;Male;28;26;5;9;Basic;Quarterly;530;16;0
1710;29;Female;37;3;0;4;Basic;Quarterly;190;26;0
1711;35;Female;17;4;7;0;Premium;Quarterly;580;7;1
1712;42;Male;14;28;9;10;Premium;Monthly;180;8;0
1713;63;Male;24;16;10;23;Basic;Monthly;960;8;1
1714;56;Male;50;14;6;7;Basic;Annual;700;19;1
1715;51;Female;9;20;7;5;Basic;Monthly;320;4;0
1716;63;Male;27;19;6;9;Basic;Annual;660;20;0
1717;51;Male;41;18;5;17;Premium;Annual;420;24;1
1718;37;;44;1;6;6;Premium;Monthly;570;20;1
1719;39;Male;27;17;;6;Basic;Monthly;250;4;0
1720;44;Female;5;9;3;3;Premium;Monthly;560;15;0
1721;22;Male;1;24;5;9;Premium;Quarterly;190;16;0
1722;56;Female;29;15;7;6;Standard;Monthly;240;12;0
1723;51;Male;50;4;6;24;Premium;Annual;630;14;0
1724;56;Male;2;26;0;27;Basic;Quarterly;560;23;1
1725;45;Male;55;9;3;11;Premium;Annual;370;25;0
1726;58;Female;42;8;7;2;Basic;Annual;150;9;0
1727;67;Female;1;28;8;2;Premium;Quarterly;480;10;1
1728;47;Male;21;23;8;9;Standard;Quarterly;950;7;1
1729;41;Male;14;25;;13;Basic;Monthly;750;12;0
1730;23;Female;58;20;8;15;Premium;Monthly;150;16;1
1731;58;Male;34;27;6;9;Premium;Quarterly;960;21;1
1732;65;Male;20;4;3;10;Standard;Quarterly;480;8;0
1733;54;Female;17;18;4;8;Basic;Quarterly;620;7;0
1734;63;Male;35;9;9;15;Basic;Monthly;100;1;1
1735;62;Male;1;12;5;20;Premium;Annual;380;3;1
1736;59;Male;16;7;8;1;Basic;Quarterly;820;2;1
1737;44;Male;11;6;1;14;Premium;Quarterly;400;7;0
1738;23;Male;38;13;1;19;Standard;Quarterly;250;21;1
1739;18;Female;41;27;2;20;Premium;Quarterly;180;23;0
1740;28;Female;29;19;2;16;Premium;Quarterly;950;29;1
1741;40;Male;9;11;7;15;Premium;Annual;840;16;1
1742;56;Female;23;13;7;20;Basic;Quarterly;140;14;0
1743;41;Male;52;16;6;11;Premium;Monthly;950;27;0
1744;19;Female;13;8;3;17;Basic;Annual;850;5;1
1745;28;Male;10;16;6;9;Premium;Monthly;430;19;1
1746;68;Female;7;21;1;13;Basic;Monthly;700;24;0
1747;69;Male;50;8;5;3;Premium;Monthly;330;15;1
1748;37;Male;8;17;1;10;Basic;Annual;320;8;0
1749;59;Male;36;21;0;4;Standard;Quarterly;750;19;0
1750;55;Male;;16;1;6;Standard;Monthly;280;29;0
1751;66;Male;40;9;1;12;Premium;Annual;420;7;1
1752;64;Female;26;17;5;15;Basic;Monthly;420;17;0
1753;50;Female;13;24;6;28;Basic;Annual;230;2;1
1754;38;Male;1;7;7;0;Standard;Annual;860;7;0
1755;50;Female;10;17;5;26;Basic;Monthly;710;23;1
1756;34;Female;59;20;2;9;Premium;Annual;890;15;1
1757;36;Female;9;10;0;21;Basic;Quarterly;580;6;0
1758;49;Female;2;12;8;20;Premium;Monthly;260;10;0
1759;47;Female;50;26;;29;Standard;Quarterly;350;4;0
1760;48;Male;26;11;3;3;Premium;Quarterly;420;23;0
1761;38;Female;22;18;2;29;Basic;Monthly;960;28;1
1762;39;Female;44;5;3;1;Basic;Annual;310;4;1
1763;18;Male;32;27;2;26;Standard;Monthly;730;7;0
1764;49;Male;56;18;2;19;Basic;Annual;210;25;1
1765;47;Male;29;23;5;14;Basic;Annual;970;26;1
1766;66;Female;44;18;9;11;Basic;Quarterly;690;23;0
1767;44;Male;54;11;8;2;Premium;Monthly;490;21;0
1768;42;Female;29;10;;24;Premium;Monthly;410;25;0
1769;21;Female;18;21;4;21;Basic;Monthly;420;11;1
1770;28;;60;25;5;28;Basic;Quarterly;300;26;0
1771;35;Male;14;4;4;21;Standard;Annual;650;26;1
1772;37;Female;3;25;0;28;Standard;Monthly;890;7;0
1773;36;Female;36;25;4;26;Premium;Annual;320;3;1
1774;38;Male;;4;3;12;Basic;Monthly;780;16;0
1775;57;Female;6;4;5;21;Standard;Monthly;620;22;1
1776;24;Male;52;21;1;7;Basic;Quarterly;810;25;0
1777;35;Female;51;25;8;23;Basic;Annual;800;5;0
1778;26;Male;57;12;10;18;Premium;Annual;130;11;0
1779;34;Male;26;19;;13;Standard;Quarterly;110;23;1
1780;53;Male;16;29;1;18;Standard;Monthly;940;2;1
1781;20;Male;32;10;1;8;Basic;Monthly;240;21;0
1782;35;Male;9;7;;18;Standard;Annual;620;9;1
1783;19;Female;52;29;10;14;Standard;Monthly;790;1;1
1784;67;Male;41;9;7;9;Premium;Annual;560;8;1
1785;55;Male;30;14;3;29;Standard;Annual;100;22;1
1786;30;Female;32;13;6;1;Basic;Annual;100;26;0
1787;28;Female;44;16;6;22;Premium;Monthly;710;3;1
1788;23;Male;32;8;10;6;Basic;Monthly;920;14;1
1789;42;Female;52;20;6;6;Premium;Monthly;410;6;1
1790;57;Male;57;21;0;4;Standard;Quarterly;600;20;0
1791;48;Female;58;6;8;3;Premium;Quarterly;950;23;1
1792;63;Male;38;14;9;3;Standard;Monthly;850;28;0
1793;35;Female;46;2;3;24;Standard;Quarterly;590;11;1
1794;32;Female;19;7;1;27;Standard;Monthly;700;9;0
1795;42;Female;3;29;1;17;Basic;Quarterly;980;9;0
1796;28;Female;25;15;10;0;Basic;Monthly;830;23;1
1797;68;Female;54;19;5;25;Premium;Annual;480;13;1
1798;27;Male;9;26;6;18;Premium;Monthly;730;1;0
1799;42;Female;34;21;;15;Premium;Annual;400;28;1
1800;45;Female;12;23;0;28;Basic;Monthly;940;4;1
1801;20;;27;21;2;12;Standard;Monthly;180;27;1
1802;42;Male;9;15;9;10;Standard;Monthly;300;5;1
1803;41;Male;45;19;6;23;Premium;Quarterly;410;16;0
1804;31;Female;50;9;0;15;Standard;Annual;280;10;0
1805;24;Male;47;26;8;21;Premium;Monthly;640;20;1
1806;20;Male;43;6;1;20;Premium;Annual;750;12;0
1807;18;Male;15;26;9;25;Standard;Annual;910;11;1
1808;43;Female;33;26;9;9;Standard;Quarterly;560;14;1
1809;22;Male;7;5;9;2;Standard;Quarterly;670;29;1
1810;67;Male;23;21;5;14;Premium;Annual;650;8;0
1811;30;Male;31;29;3;19;Standard;Annual;100;7;1
1812;51;Female;41;17;10;24;Basic;Monthly;750;2;1
1813;53;Female;6;10;6;8;Standard;Annual;120;22;0
1814;43;Male;50;26;7;22;Standard;Quarterly;600;20;0
1815;63;Male;28;15;1;24;Premium;Monthly;;18;0
1816;23;Female;54;4;7;24;Premium;Annual;820;1;0
1817;30;Male;33;8;6;24;Basic;Annual;560;23;1
1818;31;Female;34;20;3;29;Standard;Quarterly;390;24;1
1819;25;Male;43;14;9;19;Basic;Annual;870;28;0
1820;33;Female;51;7;1;11;Standard;Monthly;890;27;1
1821;34;Male;10;24;8;13;Premium;Annual;430;8;0
1822;57;Female;32;4;;22;Premium;Quarterly;190;21;0
1823;33;Male;2;7;6;7;Basic;Monthly;630;12;0
1824;63;Female;29;14;1;18;Basic;Quarterly;680;18;1
1825;58;Female;50;2;6;17;Premium;Monthly;950;10;1
1826;64;Female;53;12;6;19;Standard;Quarterly;910;20;1
1827;23;Male;18;27;6;12;Standard;Annual;310;28;1
1828;69;Male;24;28;3;22;Premium;Quarterly;330;19;0
1829;49;Female;34;26;7;2;Premium;Annual;;27;1
1830;69;Female;25;10;3;22;Premium;Quarterly;400;28;0
1831;36;Male;11;2;6;24;Premium;Annual;520;4;0
1832;67;Male;19;24;7;26;Premium;Monthly;380;28;1
1833;48;Male;25;11;7;27;Premium;Annual;460;24;0
1834;21;Female;32;22;9;10;Premium;Quarterly;610;13;0
1835;39;Female;57;4;10;1;Standard;Annual;360;18;0
1836;25;Female;34;20;9;19;Basic;Monthly;470;18;0
1837;66;Female;24;18;9;2;Premium;Monthly;420;23;1
1838;33;Male;41;27;10;8;Premium;Annual;190;24;0
1839;29;Male;48;3;2;21;Basic;Annual;820;3;1
1840;46;Male;27;12;3;17;Standard;Annual;910;1;1
1841;40;Female;30;29;6;18;Standard;Quarterly;550;8;1
1842;23;Male;14;12;5;22;Standard;Quarterly;280;16;0
1843;60;Male;53;20;8;4;Premium;Quarterly;690;25;1
1844;61;Male;53;5;0;23;Standard;Annual;590;19;0
1845;56;Male;11;22;1;17;Premium;Monthly;600;4;0
1846;50;Female;22;8;8;12;Premium;Monthly;640;21;1
1847;38;Male;17;17;9;13;Premium;Monthly;760;14;0
1848;46;Male;57;26;3;15;Standard;Quarterly;130;11;1
1849;45;Female;4;20;3;16;Basic;Annual;190;23;0
1850;26;Male;13;14;6;10;Premium;Quarterly;180;9;1
1851;22;Male;20;6;5;6;Basic;Quarterly;240;18;1
1852;31;Male;35;10;2;5;Basic;Quarterly;990;6;1
1853;41;Female;16;25;6;10;Basic;Monthly;770;12;0
1854;26;Male;33;7;9;7;Basic;Annual;710;17;0
1855;23;Female;46;20;8;15;Premium;Annual;740;19;1
1856;62;Female;51;15;9;27;Standard;Annual;130;27;1
1857;37;Female;7;10;7;3;Basic;Annual;290;9;0
1858;48;Male;9;21;10;9;Basic;Quarterly;830;26;0
1859;45;Female;6;11;2;1;Basic;Annual;520;24;1
1860;56;Male;56;9;0;29;Premium;Quarterly;560;11;1
1861;56;Male;40;16;1;21;Premium;Annual;790;5;1
1862;33;Male;33;22;;7;Basic;Quarterly;160;8;1
1863;62;Male;49;26;7;12;Basic;Annual;830;20;0
1864;37;Male;36;19;2;21;Standard;Monthly;720;23;0
1865;61;Male;15;20;10;28;Premium;Monthly;470;18;1
1866;39;Male;32;23;3;17;Basic;Monthly;550;22;1
1867;23;Male;43;8;7;8;Premium;Quarterly;160;3;0
1868;57;Female;3;8;2;20;Basic;Annual;280;15;1
1869;19;Female;37;15;1;20;Basic;Quarterly;320;26;0
1870;58;Male;31;19;3;19;Standard;Annual;900;12;0
1871;20;Female;5;19;2;1;Basic;Quarterly;200;27;1
1872;28;Male;17;5;6;21;Basic;Annual;360;4;0
1873;49;Male;28;23;0;0;Basic;Annual;220;29;0
1874;66;Male;21;11;2;27;Basic;Monthly;360;23;1
1875;39;Male;18;26;6;26;Premium;Annual;100;19;0
1876;24;Male;40;22;4;16;Basic;Monthly;350;18;0
1877;30;Male;25;29;7;19;Basic;Quarterly;760;28;1
1878;64;Male;31;19;7;2;Basic;Quarterly;800;11;0
1879;55;Male;49;16;;26;Basic;Monthly;440;5;1
1880;23;Male;6;6;10;8;Standard;Annual;740;27;0
1881;38;Male;22;12;2;7;Premium;Quarterly;660;3;0
1882;31;Male;5;25;8;21;Basic;Monthly;930;20;1
1883;27;Male;57;12;7;28;Premium;Monthly;840;8;0
1884;62;Male;12;2;7;14;Standard;Monthly;310;27;1
1885;50;Male;51;8;9;15;Basic;Monthly;640;29;1
1886;27;Male;12;18;1;16;Premium;Monthly;820;14;1
1887;51;Male;20;19;4;8;Basic;Monthly;380;16;0
1888;39;Female;38;29;9;17;Standard;Annual;620;14;0
1889;21;Male;51;28;10;28;Standard;Annual;460;13;1
1890;41;Male;11;16;0;11;Standard;Annual;380;28;1
1891;27;Male;14;17;5;23;Basic;Quarterly;280;9;1
1892;30;Female;54;24;3;23;Basic;Annual;130;28;1
1893;63;Female;20;2;2;25;Premium;Annual;780;19;0
1894;54;Female;13;18;0;21;Premium;Monthly;850;28;0
1895;24;Female;46;14;6;27;Basic;Annual;690;18;1
1896;62;Male;6;23;8;21;Standard;Annual;320;24;1
1897;47;Female;53;24;6;29;Premium;Quarterly;110;15;0
1898;63;Male;54;20;4;21;Basic;Quarterly;680;14;1
1899;56;Female;53;20;9;25;Standard;Quarterly;280;8;1
1900;35;Male;19;21;7;26;Premium;Monthly;600;7;0
1901;45;Male;7;17;10;29;Premium;Monthly;990;2;0
1902;45;Female;26;7;4;17;Standard;Monthly;100;12;1
1903;55;Male;21;9;2;21;Premium;Monthly;630;29;1
1904;30;;59;22;5;29;Standard;Quarterly;;28;1
1905;35;Male;39;18;6;11;Basic;Quarterly;400;21;0
1906;30;Female;58;7;5;3;Premium;Monthly;840;11;1
1907;33;Female;46;26;9;26;Basic;Monthly;860;16;1
1908;26;Male;44;29;0;18;Basic;Annual;540;22;1
1909;19;Female;7;19;6;12;Standard;Annual;380;1;0
1910;66;Female;5;7;5;21;Premium;Quarterly;720;27;0
1911;21;Female;3;28;2;0;Premium;Annual;660;26;1
1912;64;Male;37;7;7;14;Premium;Quarterly;530;29;0
1913;18;Male;13;13;9;7;Standard;Monthly;270;3;0
1914;58;Female;;25;6;8;Standard;Annual;780;28;1
1915;35;Male;9;16;1;29;Standard;Annual;290;18;0
1916;44;Male;58;8;0;16;Basic;Quarterly;220;17;1
1917;32;Male;41;3;5;4;Standard;Quarterly;160;6;1
1918;43;Female;7;11;8;10;Basic;Monthly;510;15;1
1919;41;Male;4;20;3;7;Basic;Quarterly;210;11;0
1920;45;Female;25;21;3;27;Premium;Quarterly;400;29;1
1921;38;;21;7;10;8;Premium;Quarterly;320;10;1
1922;45;Male;20;5;0;10;Basic;Monthly;520;7;1
1923;60;Male;33;21;0;10;Basic;Annual;810;28;0
1924;40;Female;8;5;1;5;Basic;Quarterly;510;6;0
1925;36;Male;8;2;;23;Basic;Monthly;610;27;1
1926;24;Female;43;15;5;17;Premium;Annual;230;28;0
1927;36;Female;;17;1;13;Premium;Quarterly;200;9;1
1928;24;Female;17;8;3;11;Premium;Quarterly;990;20;0
1929;27;Male;57;7;;20;Standard;Quarterly;670;24;0
1930;67;Female;22;7;8;2;Basic;Quarterly;110;16;1
1931;22;Female;21;10;2;27;Basic;Monthly;610;21;1
1932;43;Male;6;1;2;16;Premium;Monthly;100;4;1
1933;61;Female;26;1;0;6;Premium;Annual;170;15;1
1934;67;Female;31;11;9;16;Standard;Quarterly;440;15;1
1935;25;Female;41;1;1;25;Standard;Quarterly;700;17;1
1936;26;Male;10;10;3;5;Premium;Monthly;670;28;0
1937;37;Male;12;17;4;15;Premium;Annual;820;24;0
1938;46;Male;27;1;7;17;Basic;Annual;260;18;0
1939;67;Male;5;18;7;24;Standard;Annual;270;12;1
1940;28;Male;9;19;9;17;Basic;Quarterly;590;12;0
1941;26;Female;39;17;3;22;Standard;Quarterly;890;1;1
1942;31;Male;59;19;4;23;Standard;Annual;760;16;0
1943;63;Female;35;24;4;26;Basic;Annual;710;8;1
1944;19;Male;9;3;0;10;Basic;Quarterly;180;26;1
1945;37;Male;;5;8;21;Standard;Annual;900;23;1
1946;24;Male;32;10;6;7;Standard;Annual;1000;27;1
1947;26;Male;44;20;5;25;Premium;Annual;630;29;0
1948;65;Female;13;26;;28;Basic;Monthly;400;12;1
1949;18;Female;36;27;2;8;Basic;Monthly;700;13;0
1950;34;Female;5;17;;16;Premium;Monthly;690;18;1
1951;65;Male;39;12;8;24;Premium;Annual;950;13;0
1952;49;Female;13;12;2;0;Premium;Monthly;200;9;0
1953;21;Male;56;2;8;21;Premium;Monthly;570;21;0
1954;42;Female;4;14;9;24;Premium;Monthly;750;14;1
1955;68;Male;40;15;4;26;Standard;Monthly;420;28;1
1956;38;Male;9;7;4;5;Premium;Annual;870;7;0
1957;45;Male;42;23;10;22;Standard;Annual;150;13;0
1958;45;Male;31;24;1;23;Premium;Annual;190;16;0
1959;52;Male;60;9;0;0;Standard;Monthly;820;27;1
1960;27;Female;40;27;7;21;Standard;Quarterly;210;17;1
1961;61;Female;23;4;10;18;Premium;Annual;480;3;0
1962;69;Female;6;27;6;29;Standard;Quarterly;350;10;1
1963;25;Male;37;23;1;1;Basic;Annual;730;26;1
1964;60;Female;27;7;6;28;Premium;Quarterly;110;8;1
1965;60;Male;4;19;3;17;Standard;Monthly;420;10;1
1966;56;Male;36;10;9;8;Premium;Quarterly;1000;5;1
1967;37;Male;13;24;7;11;Standard;Annual;430;21;1
1968;42;Male;15;5;4;22;Premium;Annual;650;5;0
1969;61;Female;1;8;7;29;Standard;Quarterly;1000;11;0
1970;25;Male;23;9;8;9;Premium;Quarterly;650;21;0
1971;61;Male;14;6;8;29;Premium;Annual;790;26;0
1972;65;Female;5;10;4;18;Basic;Annual;980;7;0
1973;53;Male;27;18;6;5;Premium;Quarterly;660;10;1
1974;35;Female;14;19;0;17;Premium;Monthly;860;4;1
1975;47;Male;9;17;4;24;Standard;Annual;560;13;0
1976;20;Female;29;6;4;1;Premium;Annual;840;29;0
1977;66;Female;4;6;6;2;Premium;Monthly;690;9;1
1978;35;Female;;27;;0;Standard;Monthly;410;8;1
1979;20;Female;29;8;;17;Standard;Monthly;610;12;0
1980;59;Female;;3;5;1;Premium;Quarterly;400;26;1
1981;52;Female;54;14;7;27;Basic;Monthly;460;16;0
1982;50;Male;60;1;1;3;Standard;Annual;360;18;0
1983;20;Male;34;10;5;2;Premium;Annual;550;23;1
1984;57;Female;26;25;8;7;Premium;Monthly;410;21;1
1985;51;Male;44;8;8;22;Basic;Annual;670;18;0
1986;59;Male;5;21;;27;Basic;Monthly;430;17;1
1987;61;Male;52;15;5;7;Standard;Annual;550;16;1
1988;29;Male;20;11;10;15;Premium;Quarterly;220;6;0
1989;28;Male;1;20;;23;Standard;Monthly;450;13;1
1990;66;Female;15;18;6;23;Basic;Quarterly;420;25;0
1991;45;Female;15;10;1;4;Basic;Annual;980;2;1
1992;40;Female;1;7;4;25;Standard;Annual;510;25;0
1993;32;Male;41;27;9;26;Standard;Monthly;110;17;0
1994;51;Male;6;5;6;22;Basic;Annual;380;11;0
1995;57;Female;52;28;;15;Standard;Monthly;770;4;1
1996;18;Male;28;14;9;11;Standard;Quarterly;250;23;0
1997;46;Female;44;29;0;26;Basic;Monthly;240;1;1
1998;69;Male;21;11;10;25;Basic;Annual;440;16;0
1999;32;Female;9;17;4;15;Standard;Annual;420;5;1
2000;32;Male;12;18;9;22;Premium;Quarterly;540;27;1
